
--
-- Table structure for table `artist`
--

DROP TABLE IF EXISTS `artist`;
/*!40101 SET @saved_cs_client     = @@character_set_client */;
/*!40101 SET character_set_client = utf8 */;
CREATE TABLE `artist` (
  `artistId` int(11) NOT NULL AUTO_INCREMENT,
  `forename` varchar(50) NOT NULL,
  `surname` varchar(50) NOT NULL,
  `websiteUrl` varchar(100) DEFAULT NULL,
  `dob` date DEFAULT NULL,
  `nationality` varchar(50) NOT NULL,
  `bandName` varchar(100) DEFAULT NULL,
  PRIMARY KEY (`artistId`)
) ENGINE=InnoDB AUTO_INCREMENT=95 DEFAULT CHARSET=latin1;
/*!40101 SET character_set_client = @saved_cs_client */;

--
-- Dumping data for table `artist`
--

LOCK TABLES `artist` WRITE;
/*!40000 ALTER TABLE `artist` DISABLE KEYS */;
INSERT INTO `artist` VALUES (81,'John','Adams','http://en.wikipedia.org/wiki/John_Adams_(composer)','1947-02-15','American','John Adams'),(82,'Thomas','Ades','http://en.wikipedia.org/wiki/Thomas_Ad%C3%A8s','1971-03-01','British','Thomas Ades'),(83,'John ','Cage','http://en.wikipedia.org/wiki/John_Cage','1912-09-05','American','John Cage'),(84,'Lorenzo','Ferrero','http://en.wikipedia.org/wiki/Lorenzo_Ferrero','1951-01-01','Italian','Lorenzo Ferrero'),(85,'Carl','Orff','http://en.wikipedia.org/wiki/Carl_Orff','1985-07-29','German','Carl Orff'),(90,'Johann ','Bach','http://en.wikipedia.org/wiki/Johann_Sebastian_Bach','1970-01-01','German','Johann Bach'),(91,'Leo','Arnaud','http://en.wikipedia.org/wiki/Leo_Arnaud','1904-04-06','French','Leo Arnaud'),(92,'Ludwig Van','Beethoven','http://en.wikipedia.org/wiki/Ludwig_van_Beethoven','1970-01-01','German','Ludwig Van Beethoven'),(93,'Aaron','Copland','http://en.wikipedia.org/wiki/Aaron_Copland','1970-01-01','American','Aaron Copland'),(94,'Karl','Jenkins','http://www.karljenkins.com/','1944-02-17','Welsh','Karl Jenkins');
/*!40000 ALTER TABLE `artist` ENABLE KEYS */;
UNLOCK TABLES;

--
-- Table structure for table `chart`
--

DROP TABLE IF EXISTS `chart`;
/*!40101 SET @saved_cs_client     = @@character_set_client */;
/*!40101 SET character_set_client = utf8 */;
CREATE TABLE `chart` (
  `chartId` int(11) NOT NULL AUTO_INCREMENT,
  `config` text,
  `chartName` varchar(50) DEFAULT NULL,
  `chartType` varchar(50) DEFAULT NULL,
  `serialisedClass` blob,
  PRIMARY KEY (`chartId`)
) ENGINE=InnoDB AUTO_INCREMENT=120 DEFAULT CHARSET=latin1;
/*!40101 SET character_set_client = @saved_cs_client */;

--
-- Dumping data for table `chart`
--

LOCK TABLES `chart` WRITE;
/*!40000 ALTER TABLE `chart` DISABLE KEYS */;
INSERT INTO `chart` VALUES (1,'<!--\r\n	Marc Fraser\'s XML chart interface to pChart.  Only works in collaboration with chart.php (also authored by Marc Fraser, but uses the pChart libraries.\r\n-->\r\n\r\n<chart>\r\n	<chartSeries>\r\n		<series>\r\n			<name>Sales</name>\r\n			<dbCol>otherCol</dbCol>\r\n			<description>Number Sales</description>\r\n			<axis>0</axis>\r\n		</series>\r\n		<series>\r\n			<name>noSales</name>\r\n			<dbCol>noSales</dbCol>\r\n			<description>Number Sales 1</description>\r\n			<axis>0</axis>\r\n		</series>\r\n	</chartSeries>\r\n	<axes>\r\n		<axis>\r\n			<number>0</number>\r\n			<name>otherCol</name>\r\n			<unit>CDs</unit>\r\n			<position>AXIS_POSITION_LEFT</position>\r\n		</axis>\r\n	</axes>\r\n	<image>\r\n		<xSize>700</xSize>\r\n		<ySize>250</ySize>\r\n		<graphArea>\r\n			<x1></x1>\r\n			<x2></x2>\r\n			<y1></y1>\r\n			<y2></y2>\r\n		</graphArea>\r\n		\r\n	</image>\r\n	<legend>\r\n		<xPos>563</xPos>\r\n		<yPos>16</yPos>\r\n	</legend>\r\n	<abscissa>\r\n		<name>Month</name>\r\n		<dbCol>month</dbCol>\r\n	</abscissa>\r\n	<chartName>Sales over Time</chartName>\r\n	<chartType>Line</chartType>\r\n	<sqlQuery>\r\n		<columns>\r\n			<column>otherCol</column>\r\n			<column>month</column>\r\n			<column>noSales</column>\r\n		</columns>\r\n		<tables>\r\n			<table>sales</table>\r\n		</tables>\r\n	</sqlQuery>\r\n	<title>\r\n		<name>This is a sample bar chart</name>\r\n		<xPos>350</xPos>\r\n		<yPos>25</yPos>\r\n		<rColour>0</rColour>\r\n		<gColour>0</gColour>\r\n		<bColour>0</bColour>\r\n		<align>TEXT_ALIGN_MIDDLEMIDDLE</align>\r\n		<fontName>Forgotte.ttf</fontName>\r\n		<fontSize>14</fontSize>\r\n	</title>\r\n	<background>\r\n		<rColour>170</rColour>\r\n		<gColour>183</gColour>\r\n		<bColour>87</bColour>\r\n		<dash>1</dash><!-- 1 or 0 (off) -->\r\n		<rColourDash>190</rColourDash>\r\n		<gColourDash>203</gColourDash>\r\n		<bColourDash>107</bColourDash>\r\n		<gradient>\r\n			<on>1</on><!-- 1 or 0 (off) -->\r\n			<startRColour>219</startRColour>\r\n			<startGColour>231</startGColour>\r\n			<startBColour>139</startBColour>\r\n			<endRColour>1</endRColour>\r\n			<endGColour>138</endGColour>\r\n			<endBColour>68</endBColour>\r\n			<transparency>50</transparency> <!-- between 0 and 100% -->\r\n			<direction>DIRECTION_VERTICAL</direction>\r\n		</gradient>\r\n	</background>\r\n</chart>','First Chart',NULL,NULL),(109,NULL,'Store Performance','Line','Tzo1OiJDaGFydCI6MzM6e3M6NzoiY2hhcnRJZCI7czozOiIxMDkiO3M6MTY6IgBDaGFydAB4bWxDb25maWciO047czo5OiJjaGFydE5hbWUiO3M6MTc6IlN0b3JlIFBlcmZvcm1hbmNlIjtzOjk6ImNoYXJ0VHlwZSI7czo0OiJMaW5lIjtzOjg6InNxbE9yZGVyIjthOjA6e31zOjEwOiJzcWxHcm91cEJ5IjthOjE6e2k6MDtzOjEwOiJTVE9SRV9OQU1FIjt9czoxMDoic3FsQWxpYXNlcyI7YTowOnt9czo5OiJzcWxGaWx0ZXIiO2E6Mjp7czo2OiJGaWx0ZXIiO2E6NTp7czo3OiJkYkFsaWFzIjtzOjk6IlNBTEVfREFURSI7czo4OiJvcGVyYXRvciI7czozOiJndGUiO3M6NToidmFsdWUiO3M6MTA6IjIwMTEtMTAtMTEiO3M6MTA6ImNvbWJpbmF0b3IiO3M6MzoiQU5EIjtzOjM6InNxbCI7czoyNzoiKFNBTEVfREFURSA+PSAnMjAxMS0xMC0xMScpIjt9czo4OiJGaWx0ZXJfMSI7YTo1OntzOjc6ImRiQWxpYXMiO3M6OToiU0FMRV9EQVRFIjtzOjg6Im9wZXJhdG9yIjtzOjM6Imx0ZSI7czo1OiJ2YWx1ZSI7czoxMDoiMjAxMi0wMy0wMSI7czoxMDoiY29tYmluYXRvciI7czozOiJBTkQiO3M6Mzoic3FsIjtzOjI3OiIoU0FMRV9EQVRFIDw9ICcyMDEyLTAzLTAxJykiO319czoxMToiY2hhcnRTZXJpZXMiO2E6Mjp7aTowO2E6Njp7czo0OiJuYW1lIjtzOjk6IlNBTEVfREFURSI7czo1OiJkYkNvbCI7czo5OiJTQUxFX0RBVEUiO3M6MTE6ImRlc2NyaXB0aW9uIjtzOjg6Ik5vIFNhbGVzIjtzOjY6ImF4aXNObyI7aTowO3M6MTE6ImFnZ3JlZ2F0aW9uIjtzOjU6IkNPVU5UIjtzOjExOiJzdG9yZUZpbHRlciI7czowOiIiO31pOjE7YTo2OntzOjQ6Im5hbWUiO3M6MTM6IlBST0RVQ1RfUFJJQ0UiO3M6NToiZGJDb2wiO3M6MTM6IlBST0RVQ1RfUFJJQ0UiO3M6MTE6ImRlc2NyaXB0aW9uIjtzOjExOiJWYWx1ZSBTYWxlcyI7czo2OiJheGlzTm8iO2k6MDtzOjExOiJhZ2dyZWdhdGlvbiI7czozOiJTVU0iO3M6MTE6InN0b3JlRmlsdGVyIjtzOjA6IiI7fX1zOjg6ImFic2Npc3NhIjthOjM6e3M6NDoibmFtZSI7czoxMDoiU3RvcmUgTmFtZSI7czo1OiJkYkNvbCI7czoxMDoiU1RPUkVfTkFNRSI7czoxMDoiZGJDb2xBbGlhcyI7czoxMDoiU1RPUkVfTkFNRSI7fXM6NDoiYXhlcyI7YToxOntpOjA7YTozOntzOjQ6Im5hbWUiO3M6NToiVU5JVFMiO3M6NDoidW5pdCI7czowOiIiO3M6ODoicG9zaXRpb24iO3M6MTg6IkFYSVNfUE9TSVRJT05fTEVGVCI7fX1zOjg6ImRhdGFWaWV3IjtzOjEzOiJTQUxFU19WSUVXX1YyIjtzOjE1OiJ1c2VyUGVybWlzc2lvbnMiO2E6MTp7aTowO3M6MToiMSI7fXM6MTY6Imdyb3VwUGVybWlzc2lvbnMiO2E6MDp7fXM6ODoiZGFzaEJvb2wiO2k6MTtzOjc6ImRhc2hSR0IiO2E6Mzp7czoxOiJSIjtpOjE5MDtzOjE6IkciO2k6MjAzO3M6MToiQiI7aToxMDc7fXM6NToiYmdSR0IiO2E6Mzp7czoxOiJSIjtpOjE3MDtzOjE6IkciO2k6MTgzO3M6MToiQiI7aTo4Nzt9czoxMjoiZ3JhZGllbnRCb29sIjtpOjE7czoxMDoiYmdTdGFydFJHQiI7YTozOntzOjE6IlIiO2k6MjE5O3M6MToiRyI7aToyMzE7czoxOiJCIjtpOjEzOTt9czo4OiJiZ0VuZFJHQiI7YTozOntzOjE6IlIiO2k6MTtzOjE6IkciO2k6MTM4O3M6MToiQiI7aTo2ODt9czoxNjoiZ3JhZFRyYW5zcGFyZW5jeSI7aTo1MDtzOjEzOiJncmFkRGlyZWN0aW9uIjtzOjE4OiJESVJFQ1RJT05fVkVSVElDQUwiO3M6ODoidGl0bGVQb3MiO2E6Mjp7czoxOiJYIjtpOjM1MDtzOjE6IlkiO2k6MjU7fXM6MTM6InRpdGxlRm9udFNpemUiO2k6MTQ7czo5OiJ0aXRsZUZvbnQiO3M6MTI6IkZvcmdvdHRlLnR0ZiI7czoxMDoidGl0bGVBbGlnbiI7czoyMzoiVEVYVF9BTElHTl9NSURETEVNSURETEUiO3M6ODoidGl0bGVSR0IiO2E6Mzp7czoxOiJSIjtpOjA7czoxOiJHIjtpOjA7czoxOiJCIjtpOjA7fXM6NzoiaW1nU2l6ZSI7YToyOntzOjE6IlgiO2k6MzgwO3M6MToiWSI7aTozMDA7fXM6OToibGVnZW5kUG9zIjthOjI6e3M6MToiWCI7aTo1NjA7czoxOiJZIjtpOjE2O31zOjc6InN0b3JlSWQiO047czo4OiJpc0xvYWRlZCI7YjoxO3M6MTA6InNxbENvbHVtbnMiO2E6Mzp7aTowO2E6Mjp7czo1OiJxdWVyeSI7czozODoiU0FMRVNfVklFV19WMi5TVE9SRV9OQU1FIGFzIFNUT1JFX05BTUUiO3M6NToiYWxpYXMiO3M6MTA6IlNUT1JFX05BTUUiO31pOjE7YToyOntzOjU6InF1ZXJ5IjtzOjQzOiJDT1VOVChTQUxFU19WSUVXX1YyLlNBTEVfREFURSkgYXMgU0FMRV9EQVRFIjtzOjU6ImFsaWFzIjtzOjk6IlNBTEVfREFURSI7fWk6MjthOjI6e3M6NToicXVlcnkiO3M6NTg6IlJPVU5EKFNVTShTQUxFU19WSUVXX1YyLlBST0RVQ1RfUFJJQ0UpLDIpIGFzIFBST0RVQ1RfUFJJQ0UiO3M6NToiYWxpYXMiO3M6MTM6IlBST0RVQ1RfUFJJQ0UiO319czo5OiJzcWxUYWJsZXMiO2E6Mjp7aTowO3M6MTM6IlNBTEVTX1ZJRVdfVjIiO2k6MTtzOjEzOiJTQUxFU19WSUVXX1YyIjt9fQ=='),(111,NULL,'Store Sales Month on Month','Line','Tzo1OiJDaGFydCI6MzM6e3M6NzoiY2hhcnRJZCI7czozOiIxMTEiO3M6MTY6IgBDaGFydAB4bWxDb25maWciO047czo5OiJjaGFydE5hbWUiO3M6MjY6IlN0b3JlIFNhbGVzIE1vbnRoIG9uIE1vbnRoIjtzOjk6ImNoYXJ0VHlwZSI7czo0OiJMaW5lIjtzOjg6InNxbE9yZGVyIjthOjA6e31zOjEwOiJzcWxHcm91cEJ5IjthOjI6e2k6MDtzOjE0OiJTQUxFX01PTlRIWUVBUiI7aToxO3M6ODoiU1RPUkVfSUQiO31zOjEwOiJzcWxBbGlhc2VzIjthOjA6e31zOjk6InNxbEZpbHRlciI7YTowOnt9czoxMToiY2hhcnRTZXJpZXMiO2E6Mzp7aTowO2E6Njp7czo0OiJuYW1lIjtzOjk6IlNBTEVfREFURSI7czo1OiJkYkNvbCI7czo5OiJTQUxFX0RBVEUiO3M6MTE6ImRlc2NyaXB0aW9uIjtzOjE1OiJFZGluYnVyZ2ggU3RvcmUiO3M6NjoiYXhpc05vIjtpOjA7czoxMToiYWdncmVnYXRpb24iO3M6NToiQ09VTlQiO3M6MTE6InN0b3JlRmlsdGVyIjtzOjE6IjUiO31pOjE7YTo2OntzOjQ6Im5hbWUiO3M6MTE6IlNBTEVfREFURV8xIjtzOjU6ImRiQ29sIjtzOjExOiJTQUxFX0RBVEVfMSI7czoxMToiZGVzY3JpcHRpb24iO3M6MTM6IkdsYXNnb3cgU3RvcmUiO3M6NjoiYXhpc05vIjtpOjA7czoxMToiYWdncmVnYXRpb24iO3M6NToiQ09VTlQiO3M6MTE6InN0b3JlRmlsdGVyIjtzOjE6IjYiO31pOjI7YTo2OntzOjQ6Im5hbWUiO3M6MTM6IlNBTEVfREFURV8xXzEiO3M6NToiZGJDb2wiO3M6MTM6IlNBTEVfREFURV8xXzEiO3M6MTE6ImRlc2NyaXB0aW9uIjtzOjEyOiJMb25kb24gU3RvcmUiO3M6NjoiYXhpc05vIjtpOjA7czoxMToiYWdncmVnYXRpb24iO3M6NToiQ09VTlQiO3M6MTE6InN0b3JlRmlsdGVyIjtzOjE6IjciO319czo4OiJhYnNjaXNzYSI7YTozOntzOjQ6Im5hbWUiO3M6NToiTW9udGgiO3M6NToiZGJDb2wiO3M6MTQ6IlNBTEVfTU9OVEhZRUFSIjtzOjEwOiJkYkNvbEFsaWFzIjtzOjE0OiJTQUxFX01PTlRIWUVBUiI7fXM6NDoiYXhlcyI7YToxOntpOjA7YTozOntzOjQ6Im5hbWUiO3M6MTA6IlVuaXRzIFNvbGQiO3M6NDoidW5pdCI7czowOiIiO3M6ODoicG9zaXRpb24iO3M6MTg6IkFYSVNfUE9TSVRJT05fTEVGVCI7fX1zOjg6ImRhdGFWaWV3IjtzOjEzOiJTQUxFU19WSUVXX1YyIjtzOjE1OiJ1c2VyUGVybWlzc2lvbnMiO2E6NDp7aTowO3M6MToiMSI7aToxO3M6MToiMSI7aToyO3M6MToiMSI7aTozO3M6MToiMSI7fXM6MTY6Imdyb3VwUGVybWlzc2lvbnMiO2E6MDp7fXM6ODoiZGFzaEJvb2wiO2k6MTtzOjc6ImRhc2hSR0IiO2E6Mzp7czoxOiJSIjtpOjE5MDtzOjE6IkciO2k6MjAzO3M6MToiQiI7aToxMDc7fXM6NToiYmdSR0IiO2E6Mzp7czoxOiJSIjtpOjE3MDtzOjE6IkciO2k6MTgzO3M6MToiQiI7aTo4Nzt9czoxMjoiZ3JhZGllbnRCb29sIjtpOjE7czoxMDoiYmdTdGFydFJHQiI7YTozOntzOjE6IlIiO2k6MjE5O3M6MToiRyI7aToyMzE7czoxOiJCIjtpOjEzOTt9czo4OiJiZ0VuZFJHQiI7YTozOntzOjE6IlIiO2k6MTtzOjE6IkciO2k6MTM4O3M6MToiQiI7aTo2ODt9czoxNjoiZ3JhZFRyYW5zcGFyZW5jeSI7aTo1MDtzOjEzOiJncmFkRGlyZWN0aW9uIjtzOjE4OiJESVJFQ1RJT05fVkVSVElDQUwiO3M6ODoidGl0bGVQb3MiO2E6Mjp7czoxOiJYIjtpOjM1MDtzOjE6IlkiO2k6MjU7fXM6MTM6InRpdGxlRm9udFNpemUiO2k6MTQ7czo5OiJ0aXRsZUZvbnQiO3M6MTI6IkZvcmdvdHRlLnR0ZiI7czoxMDoidGl0bGVBbGlnbiI7czoyMzoiVEVYVF9BTElHTl9NSURETEVNSURETEUiO3M6ODoidGl0bGVSR0IiO2E6Mzp7czoxOiJSIjtpOjA7czoxOiJHIjtpOjA7czoxOiJCIjtpOjA7fXM6NzoiaW1nU2l6ZSI7YToyOntzOjE6IlgiO2k6MzgwO3M6MToiWSI7aTozMDA7fXM6OToibGVnZW5kUG9zIjthOjI6e3M6MToiWCI7aTo1NjA7czoxOiJZIjtpOjE2O31zOjc6InN0b3JlSWQiO047czo4OiJpc0xvYWRlZCI7YjoxO3M6MTA6InNxbENvbHVtbnMiO2E6NTp7aTowO2E6Mjp7czo1OiJxdWVyeSI7czo0NjoiU0FMRVNfVklFV19WMi5TQUxFX01PTlRIWUVBUiBhcyBTQUxFX01PTlRIWUVBUiI7czo1OiJhbGlhcyI7czoxNDoiU0FMRV9NT05USFlFQVIiO31pOjE7YToyOntzOjU6InF1ZXJ5IjtzOjQzOiJDT1VOVChTQUxFU19WSUVXX1YyLlNBTEVfREFURSkgYXMgU0FMRV9EQVRFIjtzOjU6ImFsaWFzIjtzOjk6IlNBTEVfREFURSI7fWk6MjthOjI6e3M6NToicXVlcnkiO3M6MzQ6IlNBTEVTX1ZJRVdfVjIuU1RPUkVfSUQgYXMgU1RPUkVfSUQiO3M6NToiYWxpYXMiO3M6ODoiU1RPUkVfSUQiO31pOjM7YToyOntzOjU6InF1ZXJ5IjtzOjQ1OiJDT1VOVChTQUxFU19WSUVXX1YyLlNBTEVfREFURSkgYXMgU0FMRV9EQVRFXzEiO3M6NToiYWxpYXMiO3M6MTE6IlNBTEVfREFURV8xIjt9aTo0O2E6Mjp7czo1OiJxdWVyeSI7czo0NzoiQ09VTlQoU0FMRVNfVklFV19WMi5TQUxFX0RBVEUpIGFzIFNBTEVfREFURV8xXzEiO3M6NToiYWxpYXMiO3M6MTM6IlNBTEVfREFURV8xXzEiO319czo5OiJzcWxUYWJsZXMiO2E6NDp7aTowO3M6MTM6IlNBTEVTX1ZJRVdfVjIiO2k6MTtzOjEzOiJTQUxFU19WSUVXX1YyIjtpOjI7czoxMzoiU0FMRVNfVklFV19WMiI7aTozO3M6MTM6IlNBTEVTX1ZJRVdfVjIiO319'),(112,NULL,'Value Sales by Month','Bar','Tzo1OiJDaGFydCI6MzI6e3M6NzoiY2hhcnRJZCI7TjtzOjE2OiIAQ2hhcnQAeG1sQ29uZmlnIjtOO3M6OToiY2hhcnROYW1lIjtzOjIwOiJWYWx1ZSBTYWxlcyBieSBNb250aCI7czo5OiJjaGFydFR5cGUiO3M6MzoiQmFyIjtzOjg6InNxbE9yZGVyIjthOjA6e31zOjEwOiJzcWxHcm91cEJ5IjthOjE6e2k6MDtzOjg6IlNUT1JFX0lEIjt9czoxMDoic3FsQWxpYXNlcyI7YTowOnt9czo5OiJzcWxGaWx0ZXIiO2E6MDp7fXM6MTE6ImNoYXJ0U2VyaWVzIjthOjM6e2k6MDthOjY6e3M6NDoibmFtZSI7czoxMzoiUFJPRFVDVF9QUklDRSI7czo1OiJkYkNvbCI7czoxMzoiUFJPRFVDVF9QUklDRSI7czoxMToiZGVzY3JpcHRpb24iO3M6MTU6IkVkaW5idXJnaCBTdG9yZSI7czo2OiJheGlzTm8iO2k6MDtzOjExOiJhZ2dyZWdhdGlvbiI7czozOiJTVU0iO3M6MTE6InN0b3JlRmlsdGVyIjtzOjE6IjUiO31pOjE7YTo2OntzOjQ6Im5hbWUiO3M6MTU6IlBST0RVQ1RfUFJJQ0VfMSI7czo1OiJkYkNvbCI7czoxNToiUFJPRFVDVF9QUklDRV8xIjtzOjExOiJkZXNjcmlwdGlvbiI7czoxMzoiR2xhc2dvdyBTdG9yZSI7czo2OiJheGlzTm8iO2k6MDtzOjExOiJhZ2dyZWdhdGlvbiI7czozOiJTVU0iO3M6MTE6InN0b3JlRmlsdGVyIjtzOjE6IjYiO31pOjI7YTo2OntzOjQ6Im5hbWUiO3M6MTc6IlBST0RVQ1RfUFJJQ0VfMV8xIjtzOjU6ImRiQ29sIjtzOjE3OiJQUk9EVUNUX1BSSUNFXzFfMSI7czoxMToiZGVzY3JpcHRpb24iO3M6MTI6IkxvbmRvbiBTdG9yZSI7czo2OiJheGlzTm8iO2k6MDtzOjExOiJhZ2dyZWdhdGlvbiI7czozOiJTVU0iO3M6MTE6InN0b3JlRmlsdGVyIjtzOjE6IjciO319czo4OiJhYnNjaXNzYSI7YTozOntzOjQ6Im5hbWUiO3M6NToiTU9OVEgiO3M6NToiZGJDb2wiO3M6MTQ6IlNBTEVfTU9OVEhZRUFSIjtzOjEwOiJkYkNvbEFsaWFzIjtzOjE0OiJTQUxFX01PTlRIWUVBUiI7fXM6NDoiYXhlcyI7YToxOntpOjA7YTozOntzOjQ6Im5hbWUiO3M6ODoiVFVSTk9WRVIiO3M6NDoidW5pdCI7czowOiIiO3M6ODoicG9zaXRpb24iO3M6MTg6IkFYSVNfUE9TSVRJT05fTEVGVCI7fX1zOjg6ImRhdGFWaWV3IjtzOjEzOiJTQUxFU19WSUVXX1YyIjtzOjE1OiJ1c2VyUGVybWlzc2lvbnMiO2E6MDp7fXM6MTY6Imdyb3VwUGVybWlzc2lvbnMiO2E6MDp7fXM6ODoiZGFzaEJvb2wiO2k6MTtzOjc6ImRhc2hSR0IiO2E6Mzp7czoxOiJSIjtpOjE5MDtzOjE6IkciO2k6MjAzO3M6MToiQiI7aToxMDc7fXM6NToiYmdSR0IiO2E6Mzp7czoxOiJSIjtpOjE3MDtzOjE6IkciO2k6MTgzO3M6MToiQiI7aTo4Nzt9czoxMjoiZ3JhZGllbnRCb29sIjtpOjE7czoxMDoiYmdTdGFydFJHQiI7YTozOntzOjE6IlIiO2k6MjE5O3M6MToiRyI7aToyMzE7czoxOiJCIjtpOjEzOTt9czo4OiJiZ0VuZFJHQiI7YTozOntzOjE6IlIiO2k6MTtzOjE6IkciO2k6MTM4O3M6MToiQiI7aTo2ODt9czoxNjoiZ3JhZFRyYW5zcGFyZW5jeSI7aTo1MDtzOjEzOiJncmFkRGlyZWN0aW9uIjtzOjE4OiJESVJFQ1RJT05fVkVSVElDQUwiO3M6ODoidGl0bGVQb3MiO2E6Mjp7czoxOiJYIjtpOjM1MDtzOjE6IlkiO2k6MjU7fXM6MTM6InRpdGxlRm9udFNpemUiO2k6MTQ7czo5OiJ0aXRsZUZvbnQiO3M6MTI6IkZvcmdvdHRlLnR0ZiI7czoxMDoidGl0bGVBbGlnbiI7czoyMzoiVEVYVF9BTElHTl9NSURETEVNSURETEUiO3M6ODoidGl0bGVSR0IiO2E6Mzp7czoxOiJSIjtpOjA7czoxOiJHIjtpOjA7czoxOiJCIjtpOjA7fXM6NzoiaW1nU2l6ZSI7YToyOntzOjE6IlgiO2k6MzgwO3M6MToiWSI7aTozMDA7fXM6OToibGVnZW5kUG9zIjthOjI6e3M6MToiWCI7aTo1NjA7czoxOiJZIjtpOjE2O31zOjc6InN0b3JlSWQiO047czoxMDoic3FsQ29sdW1ucyI7YTo1OntpOjA7YToyOntzOjU6InF1ZXJ5IjtzOjQ2OiJTQUxFU19WSUVXX1YyLlNBTEVfTU9OVEhZRUFSIGFzIFNBTEVfTU9OVEhZRUFSIjtzOjU6ImFsaWFzIjtzOjE0OiJTQUxFX01PTlRIWUVBUiI7fWk6MTthOjI6e3M6NToicXVlcnkiO3M6NTg6IlJPVU5EKFNVTShTQUxFU19WSUVXX1YyLlBST0RVQ1RfUFJJQ0UpLDIpIGFzIFBST0RVQ1RfUFJJQ0UiO3M6NToiYWxpYXMiO3M6MTM6IlBST0RVQ1RfUFJJQ0UiO31pOjI7YToyOntzOjU6InF1ZXJ5IjtzOjM0OiJTQUxFU19WSUVXX1YyLlNUT1JFX0lEIGFzIFNUT1JFX0lEIjtzOjU6ImFsaWFzIjtzOjg6IlNUT1JFX0lEIjt9aTozO2E6Mjp7czo1OiJxdWVyeSI7czo2MDoiUk9VTkQoU1VNKFNBTEVTX1ZJRVdfVjIuUFJPRFVDVF9QUklDRSksMikgYXMgUFJPRFVDVF9QUklDRV8xIjtzOjU6ImFsaWFzIjtzOjE1OiJQUk9EVUNUX1BSSUNFXzEiO31pOjQ7YToyOntzOjU6InF1ZXJ5IjtzOjYyOiJST1VORChTVU0oU0FMRVNfVklFV19WMi5QUk9EVUNUX1BSSUNFKSwyKSBhcyBQUk9EVUNUX1BSSUNFXzFfMSI7czo1OiJhbGlhcyI7czoxNzoiUFJPRFVDVF9QUklDRV8xXzEiO319czo5OiJzcWxUYWJsZXMiO2E6NDp7aTowO3M6MTM6IlNBTEVTX1ZJRVdfVjIiO2k6MTtzOjEzOiJTQUxFU19WSUVXX1YyIjtpOjI7czoxMzoiU0FMRVNfVklFV19WMiI7aTozO3M6MTM6IlNBTEVTX1ZJRVdfVjIiO319'),(114,NULL,'Val. of Sales by Store/Month','Bar','Tzo1OiJDaGFydCI6MzM6e3M6NzoiY2hhcnRJZCI7czozOiIxMTQiO3M6MTY6IgBDaGFydAB4bWxDb25maWciO047czo5OiJjaGFydE5hbWUiO3M6Mjg6IlZhbC4gb2YgU2FsZXMgYnkgU3RvcmUvTW9udGgiO3M6OToiY2hhcnRUeXBlIjtzOjM6IkJhciI7czo4OiJzcWxPcmRlciI7YTowOnt9czoxMDoic3FsR3JvdXBCeSI7YToyOntpOjA7czoxNDoiU0FMRV9NT05USFlFQVIiO2k6MTtzOjg6IlNUT1JFX0lEIjt9czoxMDoic3FsQWxpYXNlcyI7YTowOnt9czo5OiJzcWxGaWx0ZXIiO2E6MDp7fXM6MTE6ImNoYXJ0U2VyaWVzIjthOjM6e2k6MDthOjY6e3M6NDoibmFtZSI7czoxMzoiUFJPRFVDVF9QUklDRSI7czo1OiJkYkNvbCI7czoxMzoiUFJPRFVDVF9QUklDRSI7czoxMToiZGVzY3JpcHRpb24iO3M6OToiRURJIFNhbGVzIjtzOjY6ImF4aXNObyI7aTowO3M6MTE6ImFnZ3JlZ2F0aW9uIjtzOjM6IlNVTSI7czoxMToic3RvcmVGaWx0ZXIiO3M6MToiNSI7fWk6MTthOjY6e3M6NDoibmFtZSI7czoxNToiUFJPRFVDVF9QUklDRV8xIjtzOjU6ImRiQ29sIjtzOjE1OiJQUk9EVUNUX1BSSUNFXzEiO3M6MTE6ImRlc2NyaXB0aW9uIjtzOjk6IkdMQSBTYWxlcyI7czo2OiJheGlzTm8iO2k6MDtzOjExOiJhZ2dyZWdhdGlvbiI7czozOiJTVU0iO3M6MTE6InN0b3JlRmlsdGVyIjtzOjE6IjYiO31pOjI7YTo2OntzOjQ6Im5hbWUiO3M6MTc6IlBST0RVQ1RfUFJJQ0VfMV8xIjtzOjU6ImRiQ29sIjtzOjE3OiJQUk9EVUNUX1BSSUNFXzFfMSI7czoxMToiZGVzY3JpcHRpb24iO3M6OToiTEROIFNhbGVzIjtzOjY6ImF4aXNObyI7aTowO3M6MTE6ImFnZ3JlZ2F0aW9uIjtzOjM6IlNVTSI7czoxMToic3RvcmVGaWx0ZXIiO3M6MToiNyI7fX1zOjg6ImFic2Npc3NhIjthOjM6e3M6NDoibmFtZSI7czo1OiJNb250aCI7czo1OiJkYkNvbCI7czoxNDoiU0FMRV9NT05USFlFQVIiO3M6MTA6ImRiQ29sQWxpYXMiO3M6MTQ6IlNBTEVfTU9OVEhZRUFSIjt9czo0OiJheGVzIjthOjE6e2k6MDthOjM6e3M6NDoibmFtZSI7czoxNDoiVmFsdWUgb2YgU2FsZXMiO3M6NDoidW5pdCI7czowOiIiO3M6ODoicG9zaXRpb24iO3M6MTg6IkFYSVNfUE9TSVRJT05fTEVGVCI7fX1zOjg6ImRhdGFWaWV3IjtzOjEzOiJTQUxFU19WSUVXX1YyIjtzOjE1OiJ1c2VyUGVybWlzc2lvbnMiO2E6Mzp7aTowO3M6MToiMSI7aToxO3M6MToiMSI7aToyO3M6MToiMSI7fXM6MTY6Imdyb3VwUGVybWlzc2lvbnMiO2E6MDp7fXM6ODoiZGFzaEJvb2wiO2k6MTtzOjc6ImRhc2hSR0IiO2E6Mzp7czoxOiJSIjtpOjE5MDtzOjE6IkciO2k6MjAzO3M6MToiQiI7aToxMDc7fXM6NToiYmdSR0IiO2E6Mzp7czoxOiJSIjtpOjE3MDtzOjE6IkciO2k6MTgzO3M6MToiQiI7aTo4Nzt9czoxMjoiZ3JhZGllbnRCb29sIjtpOjE7czoxMDoiYmdTdGFydFJHQiI7YTozOntzOjE6IlIiO2k6MjE5O3M6MToiRyI7aToyMzE7czoxOiJCIjtpOjEzOTt9czo4OiJiZ0VuZFJHQiI7YTozOntzOjE6IlIiO2k6MTtzOjE6IkciO2k6MTM4O3M6MToiQiI7aTo2ODt9czoxNjoiZ3JhZFRyYW5zcGFyZW5jeSI7aTo1MDtzOjEzOiJncmFkRGlyZWN0aW9uIjtzOjE4OiJESVJFQ1RJT05fVkVSVElDQUwiO3M6ODoidGl0bGVQb3MiO2E6Mjp7czoxOiJYIjtpOjM1MDtzOjE6IlkiO2k6MjU7fXM6MTM6InRpdGxlRm9udFNpemUiO2k6MTQ7czo5OiJ0aXRsZUZvbnQiO3M6MTI6IkZvcmdvdHRlLnR0ZiI7czoxMDoidGl0bGVBbGlnbiI7czoyMzoiVEVYVF9BTElHTl9NSURETEVNSURETEUiO3M6ODoidGl0bGVSR0IiO2E6Mzp7czoxOiJSIjtpOjA7czoxOiJHIjtpOjA7czoxOiJCIjtpOjA7fXM6NzoiaW1nU2l6ZSI7YToyOntzOjE6IlgiO2k6MzgwO3M6MToiWSI7aTozMDA7fXM6OToibGVnZW5kUG9zIjthOjI6e3M6MToiWCI7aTo1NjA7czoxOiJZIjtpOjE2O31zOjc6InN0b3JlSWQiO047czo4OiJpc0xvYWRlZCI7YjoxO3M6MTA6InNxbENvbHVtbnMiO2E6NTp7aTowO2E6Mjp7czo1OiJxdWVyeSI7czo0NjoiU0FMRVNfVklFV19WMi5TQUxFX01PTlRIWUVBUiBhcyBTQUxFX01PTlRIWUVBUiI7czo1OiJhbGlhcyI7czoxNDoiU0FMRV9NT05USFlFQVIiO31pOjE7YToyOntzOjU6InF1ZXJ5IjtzOjU4OiJST1VORChTVU0oU0FMRVNfVklFV19WMi5QUk9EVUNUX1BSSUNFKSwyKSBhcyBQUk9EVUNUX1BSSUNFIjtzOjU6ImFsaWFzIjtzOjEzOiJQUk9EVUNUX1BSSUNFIjt9aToyO2E6Mjp7czo1OiJxdWVyeSI7czozNDoiU0FMRVNfVklFV19WMi5TVE9SRV9JRCBhcyBTVE9SRV9JRCI7czo1OiJhbGlhcyI7czo4OiJTVE9SRV9JRCI7fWk6MzthOjI6e3M6NToicXVlcnkiO3M6NjA6IlJPVU5EKFNVTShTQUxFU19WSUVXX1YyLlBST0RVQ1RfUFJJQ0UpLDIpIGFzIFBST0RVQ1RfUFJJQ0VfMSI7czo1OiJhbGlhcyI7czoxNToiUFJPRFVDVF9QUklDRV8xIjt9aTo0O2E6Mjp7czo1OiJxdWVyeSI7czo2MjoiUk9VTkQoU1VNKFNBTEVTX1ZJRVdfVjIuUFJPRFVDVF9QUklDRSksMikgYXMgUFJPRFVDVF9QUklDRV8xXzEiO3M6NToiYWxpYXMiO3M6MTc6IlBST0RVQ1RfUFJJQ0VfMV8xIjt9fXM6OToic3FsVGFibGVzIjthOjQ6e2k6MDtzOjEzOiJTQUxFU19WSUVXX1YyIjtpOjE7czoxMzoiU0FMRVNfVklFV19WMiI7aToyO3M6MTM6IlNBTEVTX1ZJRVdfVjIiO2k6MztzOjEzOiJTQUxFU19WSUVXX1YyIjt9fQ=='),(115,NULL,'Sales by Artist ','Line','Tzo1OiJDaGFydCI6MzM6e3M6NzoiY2hhcnRJZCI7aToxMTU7czoxNjoiAENoYXJ0AHhtbENvbmZpZyI7TjtzOjk6ImNoYXJ0TmFtZSI7czoxNjoiU2FsZXMgYnkgQXJ0aXN0ICI7czo5OiJjaGFydFR5cGUiO3M6NDoiTGluZSI7czoxMDoic3FsQ29sdW1ucyI7YToyOntpOjA7YToyOntzOjU6InF1ZXJ5IjtzOjQwOiJTQUxFU19WSUVXX1YyLkFSVElTVF9OQU1FIGFzIEFSVElTVF9OQU1FIjtzOjU6ImFsaWFzIjtzOjExOiJBUlRJU1RfTkFNRSI7fWk6MTthOjI6e3M6NToicXVlcnkiO3M6NTg6IlJPVU5EKFNVTShTQUxFU19WSUVXX1YyLlBST0RVQ1RfUFJJQ0UpLDIpIGFzIFBST0RVQ1RfUFJJQ0UiO3M6NToiYWxpYXMiO3M6MTM6IlBST0RVQ1RfUFJJQ0UiO319czo5OiJzcWxUYWJsZXMiO2E6MTp7aTowO3M6MTM6IlNBTEVTX1ZJRVdfVjIiO31zOjg6InNxbE9yZGVyIjthOjA6e31zOjEwOiJzcWxHcm91cEJ5IjthOjE6e2k6MDtzOjExOiJBUlRJU1RfTkFNRSI7fXM6MTA6InNxbEFsaWFzZXMiO2E6MDp7fXM6OToic3FsRmlsdGVyIjthOjQ6e3M6NjoiRmlsdGVyIjthOjU6e3M6NzoiZGJBbGlhcyI7czo5OiJCQU5EX05BTUUiO3M6ODoib3BlcmF0b3IiO3M6MjoiZXEiO3M6NToidmFsdWUiO3M6MTA6IkpvaG4gQWRhbXMiO3M6MTA6ImNvbWJpbmF0b3IiO3M6MjoiT1IiO3M6Mzoic3FsIjtzOjI2OiIoQkFORF9OQU1FID0gJ0pvaG4gQWRhbXMnKSI7fXM6ODoiRmlsdGVyXzEiO2E6NTp7czo3OiJkYkFsaWFzIjtzOjk6IkJBTkRfTkFNRSI7czo4OiJvcGVyYXRvciI7czoyOiJlcSI7czo1OiJ2YWx1ZSI7czoxMzoiQWFyb24gQ29wbGFuZCI7czoxMDoiY29tYmluYXRvciI7czoyOiJPUiI7czozOiJzcWwiO3M6Mjk6IihCQU5EX05BTUUgPSAnQWFyb24gQ29wbGFuZCcpIjt9czoxMDoiRmlsdGVyXzFfMSI7YTo1OntzOjc6ImRiQWxpYXMiO3M6OToiQkFORF9OQU1FIjtzOjg6Im9wZXJhdG9yIjtzOjI6ImVxIjtzOjU6InZhbHVlIjtzOjEyOiJLYXJsIEplbmtpbnMiO3M6MTA6ImNvbWJpbmF0b3IiO3M6MjoiT1IiO3M6Mzoic3FsIjtzOjI4OiIoQkFORF9OQU1FID0gJ0thcmwgSmVua2lucycpIjt9czoxMjoiRmlsdGVyXzFfMV8xIjthOjU6e3M6NzoiZGJBbGlhcyI7czo5OiJCQU5EX05BTUUiO3M6ODoib3BlcmF0b3IiO3M6MjoiZXEiO3M6NToidmFsdWUiO3M6MTE6IkpvaGFubiBCYWNoIjtzOjEwOiJjb21iaW5hdG9yIjtzOjI6Ik9SIjtzOjM6InNxbCI7czoyNzoiKEJBTkRfTkFNRSA9ICdKb2hhbm4gQmFjaCcpIjt9fXM6MTE6ImNoYXJ0U2VyaWVzIjthOjE6e2k6MDthOjY6e3M6NDoibmFtZSI7czoxMzoiUFJPRFVDVF9QUklDRSI7czo1OiJkYkNvbCI7czoxMzoiUFJPRFVDVF9QUklDRSI7czoxMToiZGVzY3JpcHRpb24iO3M6MTE6IlZhbHVlIFNhbGVzIjtzOjY6ImF4aXNObyI7aTowO3M6MTE6ImFnZ3JlZ2F0aW9uIjtzOjM6IlNVTSI7czoxMToic3RvcmVGaWx0ZXIiO3M6MDoiIjt9fXM6ODoiYWJzY2lzc2EiO2E6Mzp7czo0OiJuYW1lIjtzOjY6IkFydGlzdCI7czo1OiJkYkNvbCI7czoxMToiQVJUSVNUX05BTUUiO3M6MTA6ImRiQ29sQWxpYXMiO3M6MTE6IkFSVElTVF9OQU1FIjt9czo0OiJheGVzIjthOjE6e2k6MDthOjM6e3M6NDoibmFtZSI7czoxNDoiVmFsdWUgb2YgU2FsZXMiO3M6NDoidW5pdCI7czowOiIiO3M6ODoicG9zaXRpb24iO3M6MTg6IkFYSVNfUE9TSVRJT05fTEVGVCI7fX1zOjg6ImRhdGFWaWV3IjtzOjEzOiJTQUxFU19WSUVXX1YyIjtzOjE1OiJ1c2VyUGVybWlzc2lvbnMiO2E6MDp7fXM6MTY6Imdyb3VwUGVybWlzc2lvbnMiO2E6MDp7fXM6ODoiZGFzaEJvb2wiO2k6MTtzOjc6ImRhc2hSR0IiO2E6Mzp7czoxOiJSIjtpOjE5MDtzOjE6IkciO2k6MjAzO3M6MToiQiI7aToxMDc7fXM6NToiYmdSR0IiO2E6Mzp7czoxOiJSIjtpOjE3MDtzOjE6IkciO2k6MTgzO3M6MToiQiI7aTo4Nzt9czoxMjoiZ3JhZGllbnRCb29sIjtpOjE7czoxMDoiYmdTdGFydFJHQiI7YTozOntzOjE6IlIiO2k6MjE5O3M6MToiRyI7aToyMzE7czoxOiJCIjtpOjEzOTt9czo4OiJiZ0VuZFJHQiI7YTozOntzOjE6IlIiO2k6MTtzOjE6IkciO2k6MTM4O3M6MToiQiI7aTo2ODt9czoxNjoiZ3JhZFRyYW5zcGFyZW5jeSI7aTo1MDtzOjEzOiJncmFkRGlyZWN0aW9uIjtzOjE4OiJESVJFQ1RJT05fVkVSVElDQUwiO3M6ODoidGl0bGVQb3MiO2E6Mjp7czoxOiJYIjtpOjM1MDtzOjE6IlkiO2k6MjU7fXM6MTM6InRpdGxlRm9udFNpemUiO2k6MTQ7czo5OiJ0aXRsZUZvbnQiO3M6MTI6IkZvcmdvdHRlLnR0ZiI7czoxMDoidGl0bGVBbGlnbiI7czoyMzoiVEVYVF9BTElHTl9NSURETEVNSURETEUiO3M6ODoidGl0bGVSR0IiO2E6Mzp7czoxOiJSIjtpOjA7czoxOiJHIjtpOjA7czoxOiJCIjtpOjA7fXM6NzoiaW1nU2l6ZSI7YToyOntzOjE6IlgiO2k6MzgwO3M6MToiWSI7aTozMDA7fXM6OToibGVnZW5kUG9zIjthOjI6e3M6MToiWCI7aTo1NjA7czoxOiJZIjtpOjE2O31zOjc6InN0b3JlSWQiO047czo4OiJpc0xvYWRlZCI7YjoxO30='),(116,NULL,'Sales by Genre','Bar','Tzo1OiJDaGFydCI6MzM6e3M6NzoiY2hhcnRJZCI7czozOiIxMTYiO3M6MTY6IgBDaGFydAB4bWxDb25maWciO047czo5OiJjaGFydE5hbWUiO3M6MTQ6IlNhbGVzIGJ5IEdlbnJlIjtzOjk6ImNoYXJ0VHlwZSI7czozOiJCYXIiO3M6ODoic3FsT3JkZXIiO2E6MDp7fXM6MTA6InNxbEdyb3VwQnkiO2E6MTp7aTowO3M6NToiR0VOUkUiO31zOjEwOiJzcWxBbGlhc2VzIjthOjA6e31zOjk6InNxbEZpbHRlciI7YTowOnt9czoxMToiY2hhcnRTZXJpZXMiO2E6MTp7aTowO2E6Njp7czo0OiJuYW1lIjtzOjEzOiJQUk9EVUNUX1BSSUNFIjtzOjU6ImRiQ29sIjtzOjEzOiJQUk9EVUNUX1BSSUNFIjtzOjExOiJkZXNjcmlwdGlvbiI7czo1OiJWYWx1ZSI7czo2OiJheGlzTm8iO2k6MDtzOjExOiJhZ2dyZWdhdGlvbiI7czozOiJTVU0iO3M6MTE6InN0b3JlRmlsdGVyIjtzOjA6IiI7fX1zOjg6ImFic2Npc3NhIjthOjM6e3M6NDoibmFtZSI7czo1OiJHZW5yZSI7czo1OiJkYkNvbCI7czo1OiJHRU5SRSI7czoxMDoiZGJDb2xBbGlhcyI7czo1OiJHRU5SRSI7fXM6NDoiYXhlcyI7YToxOntpOjA7YTozOntzOjQ6Im5hbWUiO3M6MTQ6IlZhbHVlIG9mIFNhbGVzIjtzOjQ6InVuaXQiO3M6MDoiIjtzOjg6InBvc2l0aW9uIjtzOjE4OiJBWElTX1BPU0lUSU9OX0xFRlQiO319czo4OiJkYXRhVmlldyI7czoxMzoiU0FMRVNfVklFV19WMiI7czoxNToidXNlclBlcm1pc3Npb25zIjthOjI6e2k6MDtzOjE6IjEiO2k6MTtzOjE6IjEiO31zOjE2OiJncm91cFBlcm1pc3Npb25zIjthOjA6e31zOjg6ImRhc2hCb29sIjtpOjE7czo3OiJkYXNoUkdCIjthOjM6e3M6MToiUiI7aToxOTA7czoxOiJHIjtpOjIwMztzOjE6IkIiO2k6MTA3O31zOjU6ImJnUkdCIjthOjM6e3M6MToiUiI7aToxNzA7czoxOiJHIjtpOjE4MztzOjE6IkIiO2k6ODc7fXM6MTI6ImdyYWRpZW50Qm9vbCI7aToxO3M6MTA6ImJnU3RhcnRSR0IiO2E6Mzp7czoxOiJSIjtpOjIxOTtzOjE6IkciO2k6MjMxO3M6MToiQiI7aToxMzk7fXM6ODoiYmdFbmRSR0IiO2E6Mzp7czoxOiJSIjtpOjE7czoxOiJHIjtpOjEzODtzOjE6IkIiO2k6Njg7fXM6MTY6ImdyYWRUcmFuc3BhcmVuY3kiO2k6NTA7czoxMzoiZ3JhZERpcmVjdGlvbiI7czoxODoiRElSRUNUSU9OX1ZFUlRJQ0FMIjtzOjg6InRpdGxlUG9zIjthOjI6e3M6MToiWCI7aTozNTA7czoxOiJZIjtpOjI1O31zOjEzOiJ0aXRsZUZvbnRTaXplIjtpOjE0O3M6OToidGl0bGVGb250IjtzOjEyOiJGb3Jnb3R0ZS50dGYiO3M6MTA6InRpdGxlQWxpZ24iO3M6MjM6IlRFWFRfQUxJR05fTUlERExFTUlERExFIjtzOjg6InRpdGxlUkdCIjthOjM6e3M6MToiUiI7aTowO3M6MToiRyI7aTowO3M6MToiQiI7aTowO31zOjc6ImltZ1NpemUiO2E6Mjp7czoxOiJYIjtpOjM4MDtzOjE6IlkiO2k6MzAwO31zOjk6ImxlZ2VuZFBvcyI7YToyOntzOjE6IlgiO2k6NTYwO3M6MToiWSI7aToxNjt9czo3OiJzdG9yZUlkIjtOO3M6ODoiaXNMb2FkZWQiO2I6MTtzOjEwOiJzcWxDb2x1bW5zIjthOjI6e2k6MDthOjI6e3M6NToicXVlcnkiO3M6Mjg6IlNBTEVTX1ZJRVdfVjIuR0VOUkUgYXMgR0VOUkUiO3M6NToiYWxpYXMiO3M6NToiR0VOUkUiO31pOjE7YToyOntzOjU6InF1ZXJ5IjtzOjU4OiJST1VORChTVU0oU0FMRVNfVklFV19WMi5QUk9EVUNUX1BSSUNFKSwyKSBhcyBQUk9EVUNUX1BSSUNFIjtzOjU6ImFsaWFzIjtzOjEzOiJQUk9EVUNUX1BSSUNFIjt9fXM6OToic3FsVGFibGVzIjthOjE6e2k6MDtzOjEzOiJTQUxFU19WSUVXX1YyIjt9fQ=='),(117,NULL,'Sales by Genre by Store','Bar','Tzo1OiJDaGFydCI6MzU6e3M6NzoiY2hhcnRJZCI7czozOiIxMTciO3M6MTY6IgBDaGFydAB4bWxDb25maWciO047czo5OiJjaGFydE5hbWUiO3M6MjM6IlNhbGVzIGJ5IEdlbnJlIGJ5IFN0b3JlIjtzOjk6ImNoYXJ0VHlwZSI7czozOiJCYXIiO3M6ODoic3FsT3JkZXIiO2E6MDp7fXM6MTA6InNxbEdyb3VwQnkiO2E6Mjp7aTowO3M6NToiR0VOUkUiO2k6MTtzOjg6IlNUT1JFX0lEIjt9czoxMDoic3FsQWxpYXNlcyI7YTowOnt9czo5OiJzcWxGaWx0ZXIiO2E6MDp7fXM6MTE6ImNoYXJ0U2VyaWVzIjthOjQ6e2k6MDthOjY6e3M6NDoibmFtZSI7czoxMzoiUFJPRFVDVF9QUklDRSI7czo1OiJkYkNvbCI7czoxMzoiUFJPRFVDVF9QUklDRSI7czoxMToiZGVzY3JpcHRpb24iO3M6MTU6IkVkaW5idXJnaCBTdG9yZSI7czo2OiJheGlzTm8iO2k6MDtzOjExOiJhZ2dyZWdhdGlvbiI7czozOiJTVU0iO3M6MTE6InN0b3JlRmlsdGVyIjtzOjE6IjUiO31pOjE7YTo2OntzOjQ6Im5hbWUiO3M6MTU6IlBST0RVQ1RfUFJJQ0VfMSI7czo1OiJkYkNvbCI7czoxNToiUFJPRFVDVF9QUklDRV8xIjtzOjExOiJkZXNjcmlwdGlvbiI7czoxMzoiR2xhc2dvdyBTdG9yZSI7czo2OiJheGlzTm8iO2k6MDtzOjExOiJhZ2dyZWdhdGlvbiI7czozOiJTVU0iO3M6MTE6InN0b3JlRmlsdGVyIjtzOjE6IjYiO31pOjI7YTo2OntzOjQ6Im5hbWUiO3M6MTc6IlBST0RVQ1RfUFJJQ0VfMV8xIjtzOjU6ImRiQ29sIjtzOjE3OiJQUk9EVUNUX1BSSUNFXzFfMSI7czoxMToiZGVzY3JpcHRpb24iO3M6MTI6IkxvbmRvbiBTdG9yZSI7czo2OiJheGlzTm8iO2k6MDtzOjExOiJhZ2dyZWdhdGlvbiI7czozOiJTVU0iO3M6MTE6InN0b3JlRmlsdGVyIjtzOjE6IjciO31pOjM7YTo2OntzOjQ6Im5hbWUiO3M6MTk6IlBST0RVQ1RfUFJJQ0VfMV8xXzEiO3M6NToiZGJDb2wiO3M6MTk6IlBST0RVQ1RfUFJJQ0VfMV8xXzEiO3M6MTE6ImRlc2NyaXB0aW9uIjtzOjM6IkFsbCI7czo2OiJheGlzTm8iO2k6MDtzOjExOiJhZ2dyZWdhdGlvbiI7czozOiJTVU0iO3M6MTE6InN0b3JlRmlsdGVyIjtzOjA6IiI7fX1zOjg6ImFic2Npc3NhIjthOjM6e3M6NDoibmFtZSI7czoxMDoiU3RvcmUgTmFtZSI7czo1OiJkYkNvbCI7czo1OiJHRU5SRSI7czoxMDoiZGJDb2xBbGlhcyI7czo1OiJHRU5SRSI7fXM6NDoiYXhlcyI7YToxOntpOjA7YTozOntzOjQ6Im5hbWUiO3M6MTA6IlNhbGUgVmFsdWUiO3M6NDoidW5pdCI7czowOiIiO3M6ODoicG9zaXRpb24iO3M6MTg6IkFYSVNfUE9TSVRJT05fTEVGVCI7fX1zOjg6ImRhdGFWaWV3IjtzOjEzOiJTQUxFU19WSUVXX1YyIjtzOjE1OiJ1c2VyUGVybWlzc2lvbnMiO2E6Njp7aTowO3M6MToiMSI7aToxO3M6MToiMSI7aToyO3M6MToiMSI7aTozO3M6MToiMSI7aTo0O3M6MToiMSI7aTo1O3M6MToiMSI7fXM6MTY6Imdyb3VwUGVybWlzc2lvbnMiO2E6MDp7fXM6MjE6IgBDaGFydABzdG9yZUZpbHRlclNldCI7YjoxO3M6MjM6IgBDaGFydABibGFua1N0b3JlRmlsdGVyIjtiOjE7czo4OiJkYXNoQm9vbCI7aToxO3M6NzoiZGFzaFJHQiI7YTozOntzOjE6IlIiO2k6MTkwO3M6MToiRyI7aToyMDM7czoxOiJCIjtpOjEwNzt9czo1OiJiZ1JHQiI7YTozOntzOjE6IlIiO2k6MTcwO3M6MToiRyI7aToxODM7czoxOiJCIjtpOjg3O31zOjEyOiJncmFkaWVudEJvb2wiO2k6MTtzOjEwOiJiZ1N0YXJ0UkdCIjthOjM6e3M6MToiUiI7aToyMTk7czoxOiJHIjtpOjIzMTtzOjE6IkIiO2k6MTM5O31zOjg6ImJnRW5kUkdCIjthOjM6e3M6MToiUiI7aToxO3M6MToiRyI7aToxMzg7czoxOiJCIjtpOjY4O31zOjE2OiJncmFkVHJhbnNwYXJlbmN5IjtpOjUwO3M6MTM6ImdyYWREaXJlY3Rpb24iO3M6MTg6IkRJUkVDVElPTl9WRVJUSUNBTCI7czo4OiJ0aXRsZVBvcyI7YToyOntzOjE6IlgiO2k6MzUwO3M6MToiWSI7aToyNTt9czoxMzoidGl0bGVGb250U2l6ZSI7aToxNDtzOjk6InRpdGxlRm9udCI7czoxMjoiRm9yZ290dGUudHRmIjtzOjEwOiJ0aXRsZUFsaWduIjtzOjIzOiJURVhUX0FMSUdOX01JRERMRU1JRERMRSI7czo4OiJ0aXRsZVJHQiI7YTozOntzOjE6IlIiO2k6MDtzOjE6IkciO2k6MDtzOjE6IkIiO2k6MDt9czo3OiJpbWdTaXplIjthOjI6e3M6MToiWCI7aTozODA7czoxOiJZIjtpOjMwMDt9czo5OiJsZWdlbmRQb3MiO2E6Mjp7czoxOiJYIjtpOjU2MDtzOjE6IlkiO2k6MTY7fXM6Nzoic3RvcmVJZCI7TjtzOjg6ImlzTG9hZGVkIjtiOjE7czoxMDoic3FsQ29sdW1ucyI7YTo2OntpOjA7YToyOntzOjU6InF1ZXJ5IjtzOjI4OiJTQUxFU19WSUVXX1YyLkdFTlJFIGFzIEdFTlJFIjtzOjU6ImFsaWFzIjtzOjU6IkdFTlJFIjt9aToxO2E6Mjp7czo1OiJxdWVyeSI7czo1ODoiUk9VTkQoU1VNKFNBTEVTX1ZJRVdfVjIuUFJPRFVDVF9QUklDRSksMikgYXMgUFJPRFVDVF9QUklDRSI7czo1OiJhbGlhcyI7czoxMzoiUFJPRFVDVF9QUklDRSI7fWk6MjthOjI6e3M6NToicXVlcnkiO3M6MzQ6IlNBTEVTX1ZJRVdfVjIuU1RPUkVfSUQgYXMgU1RPUkVfSUQiO3M6NToiYWxpYXMiO3M6ODoiU1RPUkVfSUQiO31pOjM7YToyOntzOjU6InF1ZXJ5IjtzOjYwOiJST1VORChTVU0oU0FMRVNfVklFV19WMi5QUk9EVUNUX1BSSUNFKSwyKSBhcyBQUk9EVUNUX1BSSUNFXzEiO3M6NToiYWxpYXMiO3M6MTU6IlBST0RVQ1RfUFJJQ0VfMSI7fWk6NDthOjI6e3M6NToicXVlcnkiO3M6NjI6IlJPVU5EKFNVTShTQUxFU19WSUVXX1YyLlBST0RVQ1RfUFJJQ0UpLDIpIGFzIFBST0RVQ1RfUFJJQ0VfMV8xIjtzOjU6ImFsaWFzIjtzOjE3OiJQUk9EVUNUX1BSSUNFXzFfMSI7fWk6NTthOjI6e3M6NToicXVlcnkiO3M6NjQ6IlJPVU5EKFNVTShTQUxFU19WSUVXX1YyLlBST0RVQ1RfUFJJQ0UpLDIpIGFzIFBST0RVQ1RfUFJJQ0VfMV8xXzEiO3M6NToiYWxpYXMiO3M6MTk6IlBST0RVQ1RfUFJJQ0VfMV8xXzEiO319czo5OiJzcWxUYWJsZXMiO2E6NTp7aTowO3M6MTM6IlNBTEVTX1ZJRVdfVjIiO2k6MTtzOjEzOiJTQUxFU19WSUVXX1YyIjtpOjI7czoxMzoiU0FMRVNfVklFV19WMiI7aTozO3M6MTM6IlNBTEVTX1ZJRVdfVjIiO2k6NDtzOjEzOiJTQUxFU19WSUVXX1YyIjt9fQ=='),(119,NULL,'Store vs Store','Line','Tzo1OiJDaGFydCI6MzM6e3M6NzoiY2hhcnRJZCI7aToxMTk7czoxNjoiAENoYXJ0AHhtbENvbmZpZyI7TjtzOjk6ImNoYXJ0TmFtZSI7czoxNDoiU3RvcmUgdnMgU3RvcmUiO3M6OToiY2hhcnRUeXBlIjtzOjQ6IkxpbmUiO3M6MTA6InNxbENvbHVtbnMiO2E6NDp7aTowO2E6Mjp7czo1OiJxdWVyeSI7czo0NjoiU0FMRVNfVklFV19WMi5TQUxFX01PTlRIWUVBUiBhcyBTQUxFX01PTlRIWUVBUiI7czo1OiJhbGlhcyI7czoxNDoiU0FMRV9NT05USFlFQVIiO31pOjE7YToyOntzOjU6InF1ZXJ5IjtzOjQzOiJDT1VOVChTQUxFU19WSUVXX1YyLlNBTEVfREFURSkgYXMgU0FMRV9EQVRFIjtzOjU6ImFsaWFzIjtzOjk6IlNBTEVfREFURSI7fWk6MjthOjI6e3M6NToicXVlcnkiO3M6MzQ6IlNBTEVTX1ZJRVdfVjIuU1RPUkVfSUQgYXMgU1RPUkVfSUQiO3M6NToiYWxpYXMiO3M6ODoiU1RPUkVfSUQiO31pOjM7YToyOntzOjU6InF1ZXJ5IjtzOjQ1OiJDT1VOVChTQUxFU19WSUVXX1YyLlNBTEVfREFURSkgYXMgU0FMRV9EQVRFXzEiO3M6NToiYWxpYXMiO3M6MTE6IlNBTEVfREFURV8xIjt9fXM6OToic3FsVGFibGVzIjthOjM6e2k6MDtzOjEzOiJTQUxFU19WSUVXX1YyIjtpOjE7czoxMzoiU0FMRVNfVklFV19WMiI7aToyO3M6MTM6IlNBTEVTX1ZJRVdfVjIiO31zOjg6InNxbE9yZGVyIjthOjA6e31zOjEwOiJzcWxHcm91cEJ5IjthOjI6e2k6MDtzOjE0OiJTQUxFX01PTlRIWUVBUiI7aToxO3M6ODoiU1RPUkVfSUQiO31zOjEwOiJzcWxBbGlhc2VzIjthOjA6e31zOjk6InNxbEZpbHRlciI7YToyOntzOjY6IkZpbHRlciI7YTo1OntzOjc6ImRiQWxpYXMiO3M6OToiQkFORF9OQU1FIjtzOjg6Im9wZXJhdG9yIjtzOjI6ImVxIjtzOjU6InZhbHVlIjtzOjEwOiJMZW8gQXJuYXVkIjtzOjEwOiJjb21iaW5hdG9yIjtzOjI6Ik9SIjtzOjM6InNxbCI7czoyNjoiKEJBTkRfTkFNRSA9ICdMZW8gQXJuYXVkJykiO31zOjg6IkZpbHRlcl8xIjthOjU6e3M6NzoiZGJBbGlhcyI7czo5OiJCQU5EX05BTUUiO3M6ODoib3BlcmF0b3IiO3M6MjoiZXEiO3M6NToidmFsdWUiO3M6MjA6Ikx1ZHdpZyBWYW4gQmVldGhvdmVuIjtzOjEwOiJjb21iaW5hdG9yIjtzOjI6Ik9SIjtzOjM6InNxbCI7czozNjoiKEJBTkRfTkFNRSA9ICdMdWR3aWcgVmFuIEJlZXRob3ZlbicpIjt9fXM6MTE6ImNoYXJ0U2VyaWVzIjthOjI6e2k6MDthOjY6e3M6NDoibmFtZSI7czo5OiJTQUxFX0RBVEUiO3M6NToiZGJDb2wiO3M6OToiU0FMRV9EQVRFIjtzOjExOiJkZXNjcmlwdGlvbiI7czoxNToiRWRpbmJ1cmdoIFN0b3JlIjtzOjY6ImF4aXNObyI7aTowO3M6MTE6ImFnZ3JlZ2F0aW9uIjtzOjU6IkNPVU5UIjtzOjExOiJzdG9yZUZpbHRlciI7czoxOiI1Ijt9aToxO2E6Njp7czo0OiJuYW1lIjtzOjExOiJTQUxFX0RBVEVfMSI7czo1OiJkYkNvbCI7czoxMToiU0FMRV9EQVRFXzEiO3M6MTE6ImRlc2NyaXB0aW9uIjtzOjEzOiJHbGFzZ293IFN0b3JlIjtzOjY6ImF4aXNObyI7aTowO3M6MTE6ImFnZ3JlZ2F0aW9uIjtzOjU6IkNPVU5UIjtzOjExOiJzdG9yZUZpbHRlciI7czoxOiI2Ijt9fXM6ODoiYWJzY2lzc2EiO2E6Mzp7czo0OiJuYW1lIjtzOjU6Ik1vbnRoIjtzOjU6ImRiQ29sIjtzOjE0OiJTQUxFX01PTlRIWUVBUiI7czoxMDoiZGJDb2xBbGlhcyI7czoxNDoiU0FMRV9NT05USFlFQVIiO31zOjQ6ImF4ZXMiO2E6MTp7aTowO2E6Mzp7czo0OiJuYW1lIjtzOjg6Ik5vIFNhbGVzIjtzOjQ6InVuaXQiO3M6MDoiIjtzOjg6InBvc2l0aW9uIjtzOjE4OiJBWElTX1BPU0lUSU9OX0xFRlQiO319czo4OiJkYXRhVmlldyI7czoxMzoiU0FMRVNfVklFV19WMiI7czoxNToidXNlclBlcm1pc3Npb25zIjthOjA6e31zOjE2OiJncm91cFBlcm1pc3Npb25zIjthOjA6e31zOjg6ImRhc2hCb29sIjtpOjE7czo3OiJkYXNoUkdCIjthOjM6e3M6MToiUiI7aToxOTA7czoxOiJHIjtpOjIwMztzOjE6IkIiO2k6MTA3O31zOjU6ImJnUkdCIjthOjM6e3M6MToiUiI7aToxNzA7czoxOiJHIjtpOjE4MztzOjE6IkIiO2k6ODc7fXM6MTI6ImdyYWRpZW50Qm9vbCI7aToxO3M6MTA6ImJnU3RhcnRSR0IiO2E6Mzp7czoxOiJSIjtpOjIxOTtzOjE6IkciO2k6MjMxO3M6MToiQiI7aToxMzk7fXM6ODoiYmdFbmRSR0IiO2E6Mzp7czoxOiJSIjtpOjE7czoxOiJHIjtpOjEzODtzOjE6IkIiO2k6Njg7fXM6MTY6ImdyYWRUcmFuc3BhcmVuY3kiO2k6NTA7czoxMzoiZ3JhZERpcmVjdGlvbiI7czoxODoiRElSRUNUSU9OX1ZFUlRJQ0FMIjtzOjg6InRpdGxlUG9zIjthOjI6e3M6MToiWCI7aTozNTA7czoxOiJZIjtpOjI1O31zOjEzOiJ0aXRsZUZvbnRTaXplIjtpOjE0O3M6OToidGl0bGVGb250IjtzOjEyOiJGb3Jnb3R0ZS50dGYiO3M6MTA6InRpdGxlQWxpZ24iO3M6MjM6IlRFWFRfQUxJR05fTUlERExFTUlERExFIjtzOjg6InRpdGxlUkdCIjthOjM6e3M6MToiUiI7aTowO3M6MToiRyI7aTowO3M6MToiQiI7aTowO31zOjc6ImltZ1NpemUiO2E6Mjp7czoxOiJYIjtpOjM4MDtzOjE6IlkiO2k6MzAwO31zOjk6ImxlZ2VuZFBvcyI7YToyOntzOjE6IlgiO2k6NTYwO3M6MToiWSI7aToxNjt9czo3OiJzdG9yZUlkIjtOO3M6ODoiaXNMb2FkZWQiO2I6MTt9');
/*!40000 ALTER TABLE `chart` ENABLE KEYS */;
UNLOCK TABLES;

--
-- Table structure for table `chartpermission`
--

DROP TABLE IF EXISTS `chartpermission`;
/*!40101 SET @saved_cs_client     = @@character_set_client */;
/*!40101 SET character_set_client = utf8 */;
CREATE TABLE `chartpermission` (
  `chartPermId` int(11) NOT NULL AUTO_INCREMENT,
  `userId` int(11) DEFAULT NULL,
  `userGroupId` int(11) DEFAULT NULL,
  `chartId` int(11) DEFAULT NULL,
  PRIMARY KEY (`chartPermId`),
  KEY `fkUserId` (`userId`),
  KEY `fkGroupId` (`userGroupId`),
  KEY `fkChartId` (`chartId`),
  CONSTRAINT `fkChartId` FOREIGN KEY (`chartId`) REFERENCES `chart` (`chartId`) ON DELETE CASCADE ON UPDATE CASCADE,
  CONSTRAINT `fkGroupId` FOREIGN KEY (`userGroupId`) REFERENCES `usergroup` (`groupId`) ON DELETE CASCADE ON UPDATE CASCADE,
  CONSTRAINT `fkUserId` FOREIGN KEY (`userId`) REFERENCES `user` (`userId`) ON DELETE CASCADE ON UPDATE CASCADE
) ENGINE=InnoDB AUTO_INCREMENT=220 DEFAULT CHARSET=latin1;
/*!40101 SET character_set_client = @saved_cs_client */;

--
-- Dumping data for table `chartpermission`
--

LOCK TABLES `chartpermission` WRITE;
/*!40000 ALTER TABLE `chartpermission` DISABLE KEYS */;
INSERT INTO `chartpermission` VALUES (210,1,NULL,109),(212,1,NULL,111),(214,1,NULL,114),(216,1,NULL,116),(217,1,NULL,117),(218,1,NULL,115),(219,1,NULL,119);
/*!40000 ALTER TABLE `chartpermission` ENABLE KEYS */;
UNLOCK TABLES;

--
-- Table structure for table `customer`
--

DROP TABLE IF EXISTS `customer`;
/*!40101 SET @saved_cs_client     = @@character_set_client */;
/*!40101 SET character_set_client = utf8 */;
CREATE TABLE `customer` (
  `emailAddress` varchar(100) NOT NULL,
  `forename` varchar(50) DEFAULT NULL,
  `surname` varchar(50) DEFAULT NULL,
  `addressLine1` varchar(50) DEFAULT NULL,
  `addressLine2` varchar(50) DEFAULT NULL,
  `town` varchar(50) DEFAULT NULL,
  `city` varchar(50) DEFAULT NULL,
  `postcode` varchar(50) DEFAULT NULL,
  `telephoneNumber` varchar(50) DEFAULT NULL,
  `customerId` int(11) NOT NULL AUTO_INCREMENT,
  PRIMARY KEY (`customerId`)
) ENGINE=InnoDB AUTO_INCREMENT=15 DEFAULT CHARSET=latin1;
/*!40101 SET character_set_client = @saved_cs_client */;

--
-- Dumping data for table `customer`
--

LOCK TABLES `customer` WRITE;
/*!40000 ALTER TABLE `customer` DISABLE KEYS */;
INSERT INTO `customer` VALUES ('Z@amazonco.co.uk','','','','','','','','',3),('bill@microsoft.com','Bill','Gates','tet','','','','','1001204030',4),('J@test.com','','','','','','','','',6),('mf111@hw.ac.uk','','','','','','','','',7),('ANCustomer@test.com','','','','','','','','',8),('James@canon.com','','','','','','','','',9),('Karl@gmail.co.uk','','','','','','','','',10),('azt124@yahoo.co.uk','','','','','','','','',11),('frank@cfg.biz','','','','','','','','',12),('thomas.brown@ed.ac.uk','','','','','','','','',13),('Charlie@foxnews.com','','','','','','','','',14);
/*!40000 ALTER TABLE `customer` ENABLE KEYS */;
UNLOCK TABLES;

--
-- Table structure for table `dashboardlayout`
--

DROP TABLE IF EXISTS `dashboardlayout`;
/*!40101 SET @saved_cs_client     = @@character_set_client */;
/*!40101 SET character_set_client = utf8 */;
CREATE TABLE `dashboardlayout` (
  `dashboardLayoutId` int(11) NOT NULL AUTO_INCREMENT,
  `chartPos` int(11) NOT NULL,
  `tabId` int(11) NOT NULL,
  `chartId` int(11) DEFAULT NULL,
  `customFilter` text,
  PRIMARY KEY (`dashboardLayoutId`),
  KEY `tabIDFK` (`tabId`),
  KEY `chartIDFK` (`chartId`),
  CONSTRAINT `dashboardlayout_ibfk_1` FOREIGN KEY (`tabId`) REFERENCES `dashboardtab` (`tabId`) ON DELETE CASCADE ON UPDATE CASCADE,
  CONSTRAINT `dashboardlayout_ibfk_2` FOREIGN KEY (`chartId`) REFERENCES `chart` (`chartId`) ON DELETE CASCADE ON UPDATE CASCADE
) ENGINE=InnoDB AUTO_INCREMENT=28 DEFAULT CHARSET=latin1;
/*!40101 SET character_set_client = @saved_cs_client */;

--
-- Dumping data for table `dashboardlayout`
--

LOCK TABLES `dashboardlayout` WRITE;
/*!40000 ALTER TABLE `dashboardlayout` DISABLE KEYS */;
INSERT INTO `dashboardlayout` VALUES (13,1,4,109,NULL),(14,2,4,111,NULL),(19,3,4,114,NULL),(20,1,8,115,NULL),(21,2,8,116,NULL),(22,3,8,117,'a:2:{s:6:\"Filter\";s:10:\"2012-02-11\";s:8:\"Filter_1\";s:10:\"2012-03-01\";}'),(24,5,8,114,NULL),(25,1,9,115,NULL),(26,2,9,119,NULL),(27,5,4,119,NULL);
/*!40000 ALTER TABLE `dashboardlayout` ENABLE KEYS */;
UNLOCK TABLES;

--
-- Table structure for table `dashboardtab`
--

DROP TABLE IF EXISTS `dashboardtab`;
/*!40101 SET @saved_cs_client     = @@character_set_client */;
/*!40101 SET character_set_client = utf8 */;
CREATE TABLE `dashboardtab` (
  `tabId` int(11) NOT NULL AUTO_INCREMENT,
  `tabName` varchar(50) NOT NULL,
  `tabDescription` text NOT NULL,
  `userId` int(11) NOT NULL,
  PRIMARY KEY (`tabId`)
) ENGINE=InnoDB AUTO_INCREMENT=10 DEFAULT CHARSET=latin1;
/*!40101 SET character_set_client = @saved_cs_client */;

--
-- Dumping data for table `dashboardtab`
--

LOCK TABLES `dashboardtab` WRITE;
/*!40000 ALTER TABLE `dashboardtab` DISABLE KEYS */;
INSERT INTO `dashboardtab` VALUES (4,'DefualtTab','This is the default tab for my user.',1),(7,'Test','Test decription',42),(8,'Artist Sales','',1),(9,'Edinburgh','',1);
/*!40000 ALTER TABLE `dashboardtab` ENABLE KEYS */;
UNLOCK TABLES;

--
-- Table structure for table `datelookup`
--

DROP TABLE IF EXISTS `datelookup`;
/*!40101 SET @saved_cs_client     = @@character_set_client */;
/*!40101 SET character_set_client = utf8 */;
CREATE TABLE `datelookup` (
  `DateKey` int(11) NOT NULL,
  `DateFull` datetime DEFAULT NULL,
  `CharacterDate` varchar(10) DEFAULT NULL,
  `FullYear` char(4) DEFAULT NULL,
  `QuarterNumber` tinyint(4) DEFAULT NULL,
  `WeekNumber` tinyint(4) DEFAULT NULL,
  `WeekDayName` varchar(10) DEFAULT NULL,
  `MonthDay` tinyint(4) DEFAULT NULL,
  `MonthName` varchar(12) DEFAULT NULL,
  `YearDay` smallint(6) DEFAULT NULL,
  `DateDefinition` varchar(30) DEFAULT NULL,
  `WeekDay` tinyint(4) DEFAULT NULL,
  `MonthNumber` tinyint(4) DEFAULT NULL,
  PRIMARY KEY (`DateKey`)
) ENGINE=InnoDB DEFAULT CHARSET=latin1;
/*!40101 SET character_set_client = @saved_cs_client */;

--
-- Dumping data for table `datelookup`
--

LOCK TABLES `datelookup` WRITE;
/*!40000 ALTER TABLE `datelookup` DISABLE KEYS */;
/*!40000 ALTER TABLE `datelookup` ENABLE KEYS */;
UNLOCK TABLES;

--
-- Table structure for table `genre`
--

DROP TABLE IF EXISTS `genre`;
/*!40101 SET @saved_cs_client     = @@character_set_client */;
/*!40101 SET character_set_client = utf8 */;
CREATE TABLE `genre` (
  `genreId` int(11) NOT NULL AUTO_INCREMENT,
  `genreName` varchar(50) NOT NULL,
  PRIMARY KEY (`genreId`)
) ENGINE=InnoDB AUTO_INCREMENT=9 DEFAULT CHARSET=latin1;
/*!40101 SET character_set_client = @saved_cs_client */;

--
-- Dumping data for table `genre`
--

LOCK TABLES `genre` WRITE;
/*!40000 ALTER TABLE `genre` DISABLE KEYS */;
INSERT INTO `genre` VALUES (5,'Opera'),(6,'Choral'),(7,'Symphonic'),(8,'Modern');
/*!40000 ALTER TABLE `genre` ENABLE KEYS */;
UNLOCK TABLES;

--
-- Table structure for table `groupmembership`
--

DROP TABLE IF EXISTS `groupmembership`;
/*!40101 SET @saved_cs_client     = @@character_set_client */;
/*!40101 SET character_set_client = utf8 */;
CREATE TABLE `groupmembership` (
  `userId` int(11) NOT NULL,
  `groupId` int(11) NOT NULL,
  PRIMARY KEY (`userId`,`groupId`),
  KEY `groupId` (`groupId`),
  CONSTRAINT `groupmembership_ibfk_4` FOREIGN KEY (`userId`) REFERENCES `user` (`userId`) ON DELETE CASCADE ON UPDATE CASCADE,
  CONSTRAINT `groupmembership_ibfk_5` FOREIGN KEY (`groupId`) REFERENCES `usergroup` (`groupId`) ON DELETE CASCADE ON UPDATE CASCADE
) ENGINE=InnoDB DEFAULT CHARSET=latin1;
/*!40101 SET character_set_client = @saved_cs_client */;

--
-- Dumping data for table `groupmembership`
--

LOCK TABLES `groupmembership` WRITE;
/*!40000 ALTER TABLE `groupmembership` DISABLE KEYS */;
INSERT INTO `groupmembership` VALUES (1,25),(41,25),(42,25),(45,25),(1,26),(45,26),(42,40),(41,41),(45,41);
/*!40000 ALTER TABLE `groupmembership` ENABLE KEYS */;
UNLOCK TABLES;

--
-- Table structure for table `importlog`
--

DROP TABLE IF EXISTS `importlog`;
/*!40101 SET @saved_cs_client     = @@character_set_client */;
/*!40101 SET character_set_client = utf8 */;
CREATE TABLE `importlog` (
  `logId` int(11) NOT NULL AUTO_INCREMENT,
  `logDate` datetime NOT NULL,
  `log` mediumtext,
  `inputtedIds` text,
  `importName` varchar(50) DEFAULT NULL,
  `ranBy` int(11) DEFAULT NULL,
  PRIMARY KEY (`logId`)
) ENGINE=InnoDB AUTO_INCREMENT=245 DEFAULT CHARSET=latin1;
/*!40101 SET character_set_client = @saved_cs_client */;

--
-- Dumping data for table `importlog`
--

LOCK TABLES `importlog` WRITE;
/*!40000 ALTER TABLE `importlog` DISABLE KEYS */;
INSERT INTO `importlog` VALUES (181,'2011-11-21 16:54:01','<entry><logDate>21/11/2011</logDate><dbTable>salesdata</dbTable><message>Error adding entry: Store does not exist in database</message><insertId>-1</insertId><importRow>0</importRow></entry><entry><logDate>21/11/2011</logDate><dbTable>salesdata</dbTable><message>Error adding entry: Store does not exist in database</message><insertId>-1</insertId><importRow>1</importRow></entry><entry><logDate>21/11/2011</logDate><dbTable>salesdata</dbTable><message>Error adding entry: Store does not exist in database</message><insertId>-1</insertId><importRow>2</importRow></entry><entry><logDate>21/11/2011</logDate><dbTable>salesdata</dbTable><message>Error adding entry: Store does not exist in database</message><insertId>-1</insertId><importRow>3</importRow></entry><entry><logDate>21/11/2011</logDate><dbTable>salesdata</dbTable><message>Error adding entry: Store does not exist in database</message><insertId>-1</insertId><importRow>4</importRow></entry><entry><logDate>21/11/2011</logDate><dbTable>salesdata</dbTable><message>Error adding entry: Store does not exist in database</message><insertId>-1</insertId><importRow>5</importRow></entry><entry><logDate>21/11/2011</logDate><dbTable>salesdata</dbTable><message>Error adding entry: Store does not exist in database</message><insertId>-1</insertId><importRow>6</importRow></entry><entry><logDate>21/11/2011</logDate><dbTable>salesdata</dbTable><message>Entry added successfully</message><insertId>464</insertId><importRow>7</importRow></entry><entry><logDate>21/11/2011</logDate><dbTable>salesdata</dbTable><message>Entry added successfully</message><insertId>465</insertId><importRow>8</importRow></entry><entry><logDate>21/11/2011</logDate><dbTable>salesdata</dbTable><message>Entry added successfully</message><insertId>466</insertId><importRow>9</importRow></entry><entry><logDate>21/11/2011</logDate><dbTable>salesdata</dbTable><message>Error adding entry: Store does not exist in database</message><insertId>-1</insertId><importRow>10</importRow></entry><entry><logDate>21/11/2011</logDate><dbTable>salesdata</dbTable><message>Error adding entry: Store does not exist in database</message><insertId>-1</insertId><importRow>11</importRow></entry><entry><logDate>21/11/2011</logDate><dbTable>salesdata</dbTable><message>Error adding entry: Store does not exist in database</message><insertId>-1</insertId><importRow>12</importRow></entry><entry><logDate>21/11/2011</logDate><dbTable>salesdata</dbTable><message>Error adding entry: Store does not exist in database</message><insertId>-1</insertId><importRow>13</importRow></entry><entry><logDate>21/11/2011</logDate><dbTable>salesdata</dbTable><message>Error adding entry: Store does not exist in database</message><insertId>-1</insertId><importRow>14</importRow></entry><entry><logDate>21/11/2011</logDate><dbTable>salesdata</dbTable><message>Error adding entry: Store does not exist in database</message><insertId>-1</insertId><importRow>15</importRow></entry><entry><logDate>21/11/2011</logDate><dbTable>salesdata</dbTable><message>Error adding entry: Store does not exist in database</message><insertId>-1</insertId><importRow>16</importRow></entry><entry><logDate>21/11/2011</logDate><dbTable>salesdata</dbTable><message>Error adding entry: Store does not exist in database</message><insertId>-1</insertId><importRow>17</importRow></entry><entry><logDate>21/11/2011</logDate><dbTable>salesdata</dbTable><message>Error adding entry: Store does not exist in database</message><insertId>-1</insertId><importRow>18</importRow></entry><entry><logDate>21/11/2011</logDate><dbTable>salesdata</dbTable><message>Error adding entry: Store does not exist in database</message><insertId>-1</insertId><importRow>19</importRow></entry><entry><logDate>21/11/2011</logDate><dbTable>salesdata</dbTable><message>Error adding entry: Store does not exist in database</message><insertId>-1</insertId><importRow>20</importRow></entry><entry><logDate>21/11/2011</logDate><dbTable>salesdata</dbTable><message>Error adding entry: Store does not exist in database</message><insertId>-1</insertId><importRow>21</importRow></entry><entry><logDate>21/11/2011</logDate><dbTable>salesdata</dbTable><message>Error adding entry: Store does not exist in database</message><insertId>-1</insertId><importRow>22</importRow></entry><entry><logDate>21/11/2011</logDate><dbTable>salesdata</dbTable><message>Error adding entry: Store does not exist in database</message><insertId>-1</insertId><importRow>23</importRow></entry><entry><logDate>21/11/2011</logDate><dbTable>salesdata</dbTable><message>Error adding entry: Store does not exist in database</message><insertId>-1</insertId><importRow>24</importRow></entry><entry><logDate>21/11/2011</logDate><dbTable>salesdata</dbTable><message>Error adding entry: Store does not exist in database</message><insertId>-1</insertId><importRow>25</importRow></entry><entry><logDate>21/11/2011</logDate><dbTable>salesdata</dbTable><message>Error adding entry: Store does not exist in database</message><insertId>-1</insertId><importRow>26</importRow></entry><entry><logDate>21/11/2011</logDate><dbTable>salesdata</dbTable><message>Error adding entry: Store does not exist in database</message><insertId>-1</insertId><importRow>27</importRow></entry><entry><logDate>21/11/2011</logDate><dbTable>salesdata</dbTable><message>Error adding entry: Store does not exist in database</message><insertId>-1</insertId><importRow>28</importRow></entry><entry><logDate>21/11/2011</logDate><dbTable>salesdata</dbTable><message>Error adding entry: Store does not exist in database</message><insertId>-1</insertId><importRow>29</importRow></entry><entry><logDate>21/11/2011</logDate><dbTable>salesdata</dbTable><message>Error adding entry: Store does not exist in database</message><insertId>-1</insertId><importRow>30</importRow></entry><entry><logDate>21/11/2011</logDate><dbTable>salesdata</dbTable><message>Error adding entry: Store does not exist in database</message><insertId>-1</insertId><importRow>31</importRow></entry><entry><logDate>21/11/2011</logDate><dbTable>salesdata</dbTable><message>Error adding entry: Store does not exist in database</message><insertId>-1</insertId><importRow>32</importRow></entry><entry><logDate>21/11/2011</logDate><dbTable>salesdata</dbTable><message>Error adding entry: Store does not exist in database</message><insertId>-1</insertId><importRow>33</importRow></entry><entry><logDate>21/11/2011</logDate><dbTable>salesdata</dbTable><message>Error adding entry: Store does not exist in database</message><insertId>-1</insertId><importRow>34</importRow></entry><entry><logDate>21/11/2011</logDate><dbTable>salesdata</dbTable><message>Error adding entry: Store does not exist in database</message><insertId>-1</insertId><importRow>35</importRow></entry><entry><logDate>21/11/2011</logDate><dbTable>salesdata</dbTable><message>Error adding entry: Store does not exist in database</message><insertId>-1</insertId><importRow>36</importRow></entry><entry><logDate>21/11/2011</logDate><dbTable>salesdata</dbTable><message>Error adding entry: Store does not exist in database</message><insertId>-1</insertId><importRow>37</importRow></entry><entry><logDate>21/11/2011</logDate><dbTable>salesdata</dbTable><message>Error adding entry: Store does not exist in database</message><insertId>-1</insertId><importRow>38</importRow></entry><entry><logDate>21/11/2011</logDate><dbTable>salesdata</dbTable><message>Error adding entry: Store does not exist in database</message><insertId>-1</insertId><importRow>39</importRow></entry><entry><logDate>21/11/2011</logDate><dbTable>salesdata</dbTable><message>Error adding entry: Store does not exist in database</message><insertId>-1</insertId><importRow>40</importRow></entry><entry><logDate>21/11/2011</logDate><dbTable>salesdata</dbTable><message>Error adding entry: Store does not exist in database</message><insertId>-1</insertId><importRow>41</importRow></entry><entry><logDate>21/11/2011</logDate><dbTable>salesdata</dbTable><message>Error adding entry: Store does not exist in database</message><insertId>-1</insertId><importRow>42</importRow></entry><entry><logDate>21/11/2011</logDate><dbTable>salesdata</dbTable><message>Error adding entry: Store does not exist in database</message><insertId>-1</insertId><importRow>43</importRow></entry><entry><logDate>21/11/2011</logDate><dbTable>salesdata</dbTable><message>Error adding entry: Store does not exist in database</message><insertId>-1</insertId><importRow>44</importRow></entry><entry><logDate>21/11/2011</logDate><dbTable>salesdata</dbTable><message>Error adding entry: Store does not exist in database</message><insertId>-1</insertId><importRow>45</importRow></entry><entry><logDate>21/11/2011</logDate><dbTable>salesdata</dbTable><message>Error adding entry: Store does not exist in database</message><insertId>-1</insertId><importRow>46</importRow></entry><entry><logDate>21/11/2011</logDate><dbTable>salesdata</dbTable><message>Error adding entry: Store does not exist in database</message><insertId>-1</insertId><importRow>47</importRow></entry><entry><logDate>21/11/2011</logDate><dbTable>salesdata</dbTable><message>Error adding entry: Store does not exist in database</message><insertId>-1</insertId><importRow>48</importRow></entry><entry><logDate>21/11/2011</logDate><dbTable>salesdata</dbTable><message>Error adding entry: Store does not exist in database</message><insertId>-1</insertId><importRow>49</importRow></entry><entry><logDate>21/11/2011</logDate><dbTable>salesdata</dbTable><message>Error adding entry: Store does not exist in database</message><insertId>-1</insertId><importRow>50</importRow></entry><entry><logDate>21/11/2011</logDate><dbTable>salesdata</dbTable><message>Error adding entry: Store does not exist in database</message><insertId>-1</insertId><importRow>51</importRow></entry><entry><logDate>21/11/2011</logDate><dbTable>salesdata</dbTable><message>Error adding entry: Store does not exist in database</message><insertId>-1</insertId><importRow>52</importRow></entry><entry><logDate>21/11/2011</logDate><dbTable>salesdata</dbTable><message>Error adding entry: Store does not exist in database</message><insertId>-1</insertId><importRow>53</importRow></entry><entry><logDate>21/11/2011</logDate><dbTable>salesdata</dbTable><message>Error adding entry: Store does not exist in database</message><insertId>-1</insertId><importRow>54</importRow></entry><entry><logDate>21/11/2011</logDate><dbTable>salesdata</dbTable><message>Error adding entry: Store does not exist in database</message><insertId>-1</insertId><importRow>55</importRow></entry><entry><logDate>21/11/2011</logDate><dbTable>salesdata</dbTable><message>Error adding entry: Store does not exist in database</message><insertId>-1</insertId><importRow>56</importRow></entry><entry><logDate>21/11/2011</logDate><dbTable>salesdata</dbTable><message>Error adding entry: Store does not exist in database</message><insertId>-1</insertId><importRow>57</importRow></entry><entry><logDate>21/11/2011</logDate><dbTable>salesdata</dbTable><message>Error adding entry: Store does not exist in database</message><insertId>-1</insertId><importRow>58</importRow></entry><entry><logDate>21/11/2011</logDate><dbTable>salesdata</dbTable><message>Error adding entry: Store does not exist in database</message><insertId>-1</insertId><importRow>59</importRow></entry><entry><logDate>21/11/2011</logDate><dbTable>salesdata</dbTable><message>Error adding entry: Store does not exist in database</message><insertId>-1</insertId><importRow>60</importRow></entry><entry><logDate>21/11/2011</logDate><dbTable>salesdata</dbTable><message>Error adding entry: Store does not exist in database</message><insertId>-1</insertId><importRow>61</importRow></entry><entry><logDate>21/11/2011</logDate><dbTable>salesdata</dbTable><message>Error adding entry: Store does not exist in database</message><insertId>-1</insertId><importRow>62</importRow></entry><entry><logDate>21/11/2011</logDate><dbTable>salesdata</dbTable><message>Error adding entry: Store does not exist in database</message><insertId>-1</insertId><importRow>63</importRow></entry><entry><logDate>21/11/2011</logDate><dbTable>salesdata</dbTable><message>Error adding entry: Store does not exist in database</message><insertId>-1</insertId><importRow>64</importRow></entry><entry><logDate>21/11/2011</logDate><dbTable>salesdata</dbTable><message>Error adding entry: Store does not exist in database</message><insertId>-1</insertId><importRow>65</importRow></entry><entry><logDate>21/11/2011</logDate><dbTable>salesdata</dbTable><message>Error adding entry: Store does not exist in database</message><insertId>-1</insertId><importRow>66</importRow></entry><entry><logDate>21/11/2011</logDate><dbTable>salesdata</dbTable><message>Error adding entry: Store does not exist in database</message><insertId>-1</insertId><importRow>67</importRow></entry><entry><logDate>21/11/2011</logDate><dbTable>salesdata</dbTable><message>Error adding entry: Store does not exist in database</message><insertId>-1</insertId><importRow>68</importRow></entry><entry><logDate>21/11/2011</logDate><dbTable>salesdata</dbTable><message>Error adding entry: Store does not exist in database</message><insertId>-1</insertId><importRow>69</importRow></entry><entry><logDate>21/11/2011</logDate><dbTable>salesdata</dbTable><message>Error adding entry: Store does not exist in database</message><insertId>-1</insertId><importRow>70</importRow></entry><entry><logDate>21/11/2011</logDate><dbTable>salesdata</dbTable><message>Error adding entry: Store does not exist in database</message><insertId>-1</insertId><importRow>71</importRow></entry><entry><logDate>21/11/2011</logDate><dbTable>salesdata</dbTable><message>Error adding entry: Store does not exist in database</message><insertId>-1</insertId><importRow>72</importRow></entry><entry><logDate>21/11/2011</logDate><dbTable>salesdata</dbTable><message>Error adding entry: Store does not exist in database</message><insertId>-1</insertId><importRow>73</importRow></entry><entry><logDate>21/11/2011</logDate><dbTable>salesdata</dbTable><message>Error adding entry: Store does not exist in database</message><insertId>-1</insertId><importRow>74</importRow></entry><entry><logDate>21/11/2011</logDate><dbTable>salesdata</dbTable><message>Error adding entry: Store does not exist in database</message><insertId>-1</insertId><importRow>75</importRow></entry><entry><logDate>21/11/2011</logDate><dbTable>salesdata</dbTable><message>Error adding entry: Store does not exist in database</message><insertId>-1</insertId><importRow>76</importRow></entry><entry><logDate>21/11/2011</logDate><dbTable>salesdata</dbTable><message>Error adding entry: Store does not exist in database</message><insertId>-1</insertId><importRow>77</importRow></entry><entry><logDate>21/11/2011</logDate><dbTable>salesdata</dbTable><message>Error adding entry: Store does not exist in database</message><insertId>-1</insertId><importRow>78</importRow></entry><entry><logDate>21/11/2011</logDate><dbTable>salesdata</dbTable><message>Error adding entry: Store does not exist in database</message><insertId>-1</insertId><importRow>79</importRow></entry><entry><logDate>21/11/2011</logDate><dbTable>salesdata</dbTable><message>Error adding entry: Store does not exist in database</message><insertId>-1</insertId><importRow>80</importRow></entry><entry><logDate>21/11/2011</logDate><dbTable>salesdata</dbTable><message>Error adding entry: Store does not exist in database</message><insertId>-1</insertId><importRow>81</importRow></entry><entry><logDate>21/11/2011</logDate><dbTable>salesdata</dbTable><message>Error adding entry: Store does not exist in database</message><insertId>-1</insertId><importRow>82</importRow></entry><entry><logDate>21/11/2011</logDate><dbTable>salesdata</dbTable><message>Error adding entry: Store does not exist in database</message><insertId>-1</insertId><importRow>83</importRow></entry><entry><logDate>21/11/2011</logDate><dbTable>salesdata</dbTable><message>Error adding entry: Store does not exist in database</message><insertId>-1</insertId><importRow>84</importRow></entry><entry><logDate>21/11/2011</logDate><dbTable>salesdata</dbTable><message>Error adding entry: Store does not exist in database</message><insertId>-1</insertId><importRow>85</importRow></entry><entry><logDate>21/11/2011</logDate><dbTable>salesdata</dbTable><message>Error adding entry: Store does not exist in database</message><insertId>-1</insertId><importRow>86</importRow></entry><entry><logDate>21/11/2011</logDate><dbTable>salesdata</dbTable><message>Error adding entry: Store does not exist in database</message><insertId>-1</insertId><importRow>87</importRow></entry><entry><logDate>21/11/2011</logDate><dbTable>salesdata</dbTable><message>Error adding entry: Store does not exist in database</message><insertId>-1</insertId><importRow>88</importRow></entry><entry><logDate>21/11/2011</logDate><dbTable>salesdata</dbTable><message>Error adding entry: Store does not exist in database</message><insertId>-1</insertId><importRow>89</importRow></entry><entry><logDate>21/11/2011</logDate><dbTable>salesdata</dbTable><message>Error adding entry: Store does not exist in database</message><insertId>-1</insertId><importRow>90</importRow></entry><entry><logDate>21/11/2011</logDate><dbTable>salesdata</dbTable><message>Error adding entry: Store does not exist in database</message><insertId>-1</insertId><importRow>91</importRow></entry><entry><logDate>21/11/2011</logDate><dbTable>salesdata</dbTable><message>Error adding entry: Store does not exist in database</message><insertId>-1</insertId><importRow>92</importRow></entry><entry><logDate>21/11/2011</logDate><dbTable>salesdata</dbTable><message>Error adding entry: Store does not exist in database</message><insertId>-1</insertId><importRow>93</importRow></entry><entry><logDate>21/11/2011</logDate><dbTable>salesdata</dbTable><message>Error adding entry: Store does not exist in database</message><insertId>-1</insertId><importRow>94</importRow></entry><entry><logDate>21/11/2011</logDate><dbTable>salesdata</dbTable><message>Error adding entry: Store does not exist in database</message><insertId>-1</insertId><importRow>95</importRow></entry><entry><logDate>21/11/2011</logDate><dbTable>salesdata</dbTable><message>Error adding entry: Store does not exist in database</message><insertId>-1</insertId><importRow>96</importRow></entry><entry><logDate>21/11/2011</logDate><dbTable>salesdata</dbTable><message>Error adding entry: Store does not exist in database</message><insertId>-1</insertId><importRow>97</importRow></entry><entry><logDate>21/11/2011</logDate><dbTable>salesdata</dbTable><message>Error adding entry: Store does not exist in database</message><insertId>-1</insertId><importRow>98</importRow></entry><entry><logDate>21/11/2011</logDate><dbTable>salesdata</dbTable><message>Error adding entry: Store does not exist in database</message><insertId>-1</insertId><importRow>99</importRow></entry><entry><logDate>21/11/2011</logDate><dbTable>salesdata</dbTable><message>Error adding entry: Store does not exist in database</message><insertId>-1</insertId><importRow>100</importRow></entry><entry><logDate>21/11/2011</logDate><dbTable>salesdata</dbTable><message>Error adding entry: Store does not exist in database</message><insertId>-1</insertId><importRow>101</importRow></entry><entry><logDate>21/11/2011</logDate><dbTable>salesdata</dbTable><message>Error adding entry: Store does not exist in database</message><insertId>-1</insertId><importRow>102</importRow></entry><entry><logDate>21/11/2011</logDate><dbTable>salesdata</dbTable><message>Error adding entry: Store does not exist in database</message><insertId>-1</insertId><importRow>103</importRow></entry><entry><logDate>21/11/2011</logDate><dbTable>salesdata</dbTable><message>Error adding entry: Store does not exist in database</message><insertId>-1</insertId><importRow>104</importRow></entry><entry><logDate>21/11/2011</logDate><dbTable>salesdata</dbTable><message>Error adding entry: Store does not exist in database</message><insertId>-1</insertId><importRow>105</importRow></entry><entry><logDate>21/11/2011</logDate><dbTable>salesdata</dbTable><message>Error adding entry: Store does not exist in database</message><insertId>-1</insertId><importRow>106</importRow></entry><entry><logDate>21/11/2011</logDate><dbTable>salesdata</dbTable><message>Error adding entry: Store does not exist in database</message><insertId>-1</insertId><importRow>107</importRow></entry><entry><logDate>21/11/2011</logDate><dbTable>salesdata</dbTable><message>Error adding entry: Store does not exist in database</message><insertId>-1</insertId><importRow>108</importRow></entry><entry><logDate>21/11/2011</logDate><dbTable>salesdata</dbTable><message>Error adding entry: Store does not exist in database</message><insertId>-1</insertId><importRow>109</importRow></entry><entry><logDate>21/11/2011</logDate><dbTable>salesdata</dbTable><message>Error adding entry: Store does not exist in database</message><insertId>-1</insertId><importRow>110</importRow></entry><entry><logDate>21/11/2011</logDate><dbTable>salesdata</dbTable><message>Error adding entry: Store does not exist in database</message><insertId>-1</insertId><importRow>111</importRow></entry><entry><logDate>21/11/2011</logDate><dbTable>salesdata</dbTable><message>Error adding entry: Store does not exist in database</message><insertId>-1</insertId><importRow>112</importRow></entry><entry><logDate>21/11/2011</logDate><dbTable>salesdata</dbTable><message>Error adding entry: Store does not exist in database</message><insertId>-1</insertId><importRow>113</importRow></entry><entry><logDate>21/11/2011</logDate><dbTable>salesdata</dbTable><message>Error adding entry: Store does not exist in database</message><insertId>-1</insertId><importRow>114</importRow></entry><entry><logDate>21/11/2011</logDate><dbTable>salesdata</dbTable><message>Error adding entry: Store does not exist in database</message><insertId>-1</insertId><importRow>115</importRow></entry><entry><logDate>21/11/2011</logDate><dbTable>salesdata</dbTable><message>Error adding entry: Store does not exist in database</message><insertId>-1</insertId><importRow>116</importRow></entry><entry><logDate>21/11/2011</logDate><dbTable>salesdata</dbTable><message>Error adding entry: Store does not exist in database</message><insertId>-1</insertId><importRow>117</importRow></entry><entry><logDate>21/11/2011</logDate><dbTable>salesdata</dbTable><message>Error adding entry: Store does not exist in database</message><insertId>-1</insertId><importRow>118</importRow></entry><entry><logDate>21/11/2011</logDate><dbTable>salesdata</dbTable><message>Error adding entry: Store does not exist in database</message><insertId>-1</insertId><importRow>119</importRow></entry><entry><logDate>21/11/2011</logDate><dbTable>salesdata</dbTable><message>Error adding entry: Store does not exist in database</message><insertId>-1</insertId><importRow>120</importRow></entry><entry><logDate>21/11/2011</logDate><dbTable>salesdata</dbTable><message>Error adding entry: Store does not exist in database</message><insertId>-1</insertId><importRow>121</importRow></entry><entry><logDate>21/11/2011</logDate><dbTable>salesdata</dbTable><message>Error adding entry: Store does not exist in database</message><insertId>-1</insertId><importRow>122</importRow></entry><entry><logDate>21/11/2011</logDate><dbTable>salesdata</dbTable><message>Error adding entry: Store does not exist in database</message><insertId>-1</insertId><importRow>123</importRow></entry><entry><logDate>21/11/2011</logDate><dbTable>salesdata</dbTable><message>Error adding entry: Store does not exist in database</message><insertId>-1</insertId><importRow>124</importRow></entry><entry><logDate>21/11/2011</logDate><dbTable>salesdata</dbTable><message>Error adding entry: Store does not exist in database</message><insertId>-1</insertId><importRow>125</importRow></entry><entry><logDate>21/11/2011</logDate><dbTable>salesdata</dbTable><message>Error adding entry: Store does not exist in database</message><insertId>-1</insertId><importRow>126</importRow></entry><entry><logDate>21/11/2011</logDate><dbTable>salesdata</dbTable><message>Error adding entry: Store does not exist in database</message><insertId>-1</insertId><importRow>127</importRow></entry><entry><logDate>21/11/2011</logDate><dbTable>salesdata</dbTable><message>Error adding entry: Store does not exist in database</message><insertId>-1</insertId><importRow>128</importRow></entry><entry><logDate>21/11/2011</logDate><dbTable>salesdata</dbTable><message>Error adding entry: Store does not exist in database</message><insertId>-1</insertId><importRow>129</importRow></entry><entry><logDate>21/11/2011</logDate><dbTable>salesdata</dbTable><message>Error adding entry: Store does not exist in database</message><insertId>-1</insertId><importRow>130</importRow></entry><entry><logDate>21/11/2011</logDate><dbTable>salesdata</dbTable><message>Error adding entry: Store does not exist in database</message><insertId>-1</insertId><importRow>131</importRow></entry><entry><logDate>21/11/2011</logDate><dbTable>salesdata</dbTable><message>Error adding entry: Store does not exist in database</message><insertId>-1</insertId><importRow>132</importRow></entry><entry><logDate>21/11/2011</logDate><dbTable>salesdata</dbTable><message>Error adding entry: Store does not exist in database</message><insertId>-1</insertId><importRow>133</importRow></entry><entry><logDate>21/11/2011</logDate><dbTable>salesdata</dbTable><message>Error adding entry: Store does not exist in database</message><insertId>-1</insertId><importRow>134</importRow></entry><entry><logDate>21/11/2011</logDate><dbTable>salesdata</dbTable><message>Error adding entry: Store does not exist in database</message><insertId>-1</insertId><importRow>135</importRow></entry><entry><logDate>21/11/2011</logDate><dbTable>salesdata</dbTable><message>Error adding entry: Store does not exist in database</message><insertId>-1</insertId><importRow>136</importRow></entry><entry><logDate>21/11/2011</logDate><dbTable>salesdata</dbTable><message>Error adding entry: Store does not exist in database</message><insertId>-1</insertId><importRow>137</importRow></entry><entry><logDate>21/11/2011</logDate><dbTable>salesdata</dbTable><message>Error adding entry: Store does not exist in database</message><insertId>-1</insertId><importRow>138</importRow></entry><entry><logDate>21/11/2011</logDate><dbTable>salesdata</dbTable><message>Error adding entry: Store does not exist in database</message><insertId>-1</insertId><importRow>139</importRow></entry><entry><logDate>21/11/2011</logDate><dbTable>salesdata</dbTable><message>Error adding entry: Store does not exist in database</message><insertId>-1</insertId><importRow>140</importRow></entry><entry><logDate>21/11/2011</logDate><dbTable>salesdata</dbTable><message>Error adding entry: Store does not exist in database</message><insertId>-1</insertId><importRow>141</importRow></entry><entry><logDate>21/11/2011</logDate><dbTable>salesdata</dbTable><message>Error adding entry: Store does not exist in database</message><insertId>-1</insertId><importRow>142</importRow></entry><entry><logDate>21/11/2011</logDate><dbTable>salesdata</dbTable><message>Error adding entry: Store does not exist in database</message><insertId>-1</insertId><importRow>143</importRow></entry><entry><logDate>21/11/2011</logDate><dbTable>salesdata</dbTable><message>Error adding entry: Store does not exist in database</message><insertId>-1</insertId><importRow>144</importRow></entry><entry><logDate>21/11/2011</logDate><dbTable>salesdata</dbTable><message>Error adding entry: Store does not exist in database</message><insertId>-1</insertId><importRow>145</importRow></entry><entry><logDate>21/11/2011</logDate><dbTable>salesdata</dbTable><message>Error adding entry: Store does not exist in database</message><insertId>-1</insertId><importRow>146</importRow></entry><entry><logDate>21/11/2011</logDate><dbTable>salesdata</dbTable><message>Error adding entry: Store does not exist in database</message><insertId>-1</insertId><importRow>147</importRow></entry><entry><logDate>21/11/2011</logDate><dbTable>salesdata</dbTable><message>Error adding entry: Store does not exist in database</message><insertId>-1</insertId><importRow>148</importRow></entry><entry><logDate>21/11/2011</logDate><dbTable>salesdata</dbTable><message>Error adding entry: Store does not exist in database</message><insertId>-1</insertId><importRow>149</importRow></entry><entry><logDate>21/11/2011</logDate><dbTable>salesdata</dbTable><message>Error adding entry: Store does not exist in database</message><insertId>-1</insertId><importRow>150</importRow></entry><entry><logDate>21/11/2011</logDate><dbTable>salesdata</dbTable><message>Error adding entry: Store does not exist in database</message><insertId>-1</insertId><importRow>151</importRow></entry><entry><logDate>21/11/2011</logDate><dbTable>salesdata</dbTable><message>Error adding entry: Store does not exist in database</message><insertId>-1</insertId><importRow>152</importRow></entry><entry><logDate>21/11/2011</logDate><dbTable>salesdata</dbTable><message>Error adding entry: Store does not exist in database</message><insertId>-1</insertId><importRow>153</importRow></entry><entry><logDate>21/11/2011</logDate><dbTable>salesdata</dbTable><message>Error adding entry: Store does not exist in database</message><insertId>-1</insertId><importRow>154</importRow></entry><entry><logDate>21/11/2011</logDate><dbTable>salesdata</dbTable><message>Error adding entry: Store does not exist in database</message><insertId>-1</insertId><importRow>155</importRow></entry><entry><logDate>21/11/2011</logDate><dbTable>salesdata</dbTable><message>Error adding entry: Store does not exist in database</message><insertId>-1</insertId><importRow>156</importRow></entry><entry><logDate>21/11/2011</logDate><dbTable>salesdata</dbTable><message>Error adding entry: Store does not exist in database</message><insertId>-1</insertId><importRow>157</importRow></entry><entry><logDate>21/11/2011</logDate><dbTable>salesdata</dbTable><message>Error adding entry: Store does not exist in database</message><insertId>-1</insertId><importRow>158</importRow></entry><entry><logDate>21/11/2011</logDate><dbTable>salesdata</dbTable><message>Error adding entry: Store does not exist in database</message><insertId>-1</insertId><importRow>159</importRow></entry><entry><logDate>21/11/2011</logDate><dbTable>salesdata</dbTable><message>Error adding entry: Store does not exist in database</message><insertId>-1</insertId><importRow>160</importRow></entry><entry><logDate>21/11/2011</logDate><dbTable>salesdata</dbTable><message>Error adding entry: Store does not exist in database</message><insertId>-1</insertId><importRow>161</importRow></entry><entry><logDate>21/11/2011</logDate><dbTable>salesdata</dbTable><message>Error adding entry: Store does not exist in database</message><insertId>-1</insertId><importRow>162</importRow></entry><entry><logDate>21/11/2011</logDate><dbTable>salesdata</dbTable><message>Error adding entry: Store does not exist in database</message><insertId>-1</insertId><importRow>163</importRow></entry><entry><logDate>21/11/2011</logDate><dbTable>salesdata</dbTable><message>Error adding entry: Store does not exist in database</message><insertId>-1</insertId><importRow>164</importRow></entry><entry><logDate>21/11/2011</logDate><dbTable>salesdata</dbTable><message>Error adding entry: Store does not exist in database</message><insertId>-1</insertId><importRow>165</importRow></entry><entry><logDate>21/11/2011</logDate><dbTable>salesdata</dbTable><message>Error adding entry: Store does not exist in database</message><insertId>-1</insertId><importRow>166</importRow></entry><entry><logDate>21/11/2011</logDate><dbTable>salesdata</dbTable><message>Error adding entry: Store does not exist in database</message><insertId>-1</insertId><importRow>167</importRow></entry><entry><logDate>21/11/2011</logDate><dbTable>salesdata</dbTable><message>Error adding entry: Store does not exist in database</message><insertId>-1</insertId><importRow>168</importRow></entry><entry><logDate>21/11/2011</logDate><dbTable>salesdata</dbTable><message>Error adding entry: Store does not exist in database</message><insertId>-1</insertId><importRow>169</importRow></entry><entry><logDate>21/11/2011</logDate><dbTable>salesdata</dbTable><message>Error adding entry: Store does not exist in database</message><insertId>-1</insertId><importRow>170</importRow></entry><entry><logDate>21/11/2011</logDate><dbTable>salesdata</dbTable><message>Error adding entry: Store does not exist in database</message><insertId>-1</insertId><importRow>171</importRow></entry><entry><logDate>21/11/2011</logDate><dbTable>salesdata</dbTable><message>Error adding entry: Store does not exist in database</message><insertId>-1</insertId><importRow>172</importRow></entry><entry><logDate>21/11/2011</logDate><dbTable>salesdata</dbTable><message>Error adding entry: Store does not exist in database</message><insertId>-1</insertId><importRow>173</importRow></entry><entry><logDate>21/11/2011</logDate><dbTable>salesdata</dbTable><message>Error adding entry: Store does not exist in database</message><insertId>-1</insertId><importRow>174</importRow></entry><entry><logDate>21/11/2011</logDate><dbTable>salesdata</dbTable><message>Error adding entry: Store does not exist in database</message><insertId>-1</insertId><importRow>175</importRow></entry><entry><logDate>21/11/2011</logDate><dbTable>salesdata</dbTable><message>Error adding entry: Store does not exist in database</message><insertId>-1</insertId><importRow>176</importRow></entry><entry><logDate>21/11/2011</logDate><dbTable>salesdata</dbTable><message>Error adding entry: Store does not exist in database</message><insertId>-1</insertId><importRow>177</importRow></entry><entry><logDate>21/11/2011</logDate><dbTable>salesdata</dbTable><message>Error adding entry: Store does not exist in database</message><insertId>-1</insertId><importRow>178</importRow></entry><entry><logDate>21/11/2011</logDate><dbTable>salesdata</dbTable><message>Error adding entry: Store does not exist in database</message><insertId>-1</insertId><importRow>179</importRow></entry><entry><logDate>21/11/2011</logDate><dbTable>salesdata</dbTable><message>Error adding entry: Store does not exist in database</message><insertId>-1</insertId><importRow>180</importRow></entry><entry><logDate>21/11/2011</logDate><dbTable>salesdata</dbTable><message>Error adding entry: Store does not exist in database</message><insertId>-1</insertId><importRow>181</importRow></entry><entry><logDate>21/11/2011</logDate><dbTable>salesdata</dbTable><message>Error adding entry: Store does not exist in database</message><insertId>-1</insertId><importRow>182</importRow></entry><entry><logDate>21/11/2011</logDate><dbTable>salesdata</dbTable><message>Error adding entry: Store does not exist in database</message><insertId>-1</insertId><importRow>183</importRow></entry><entry><logDate>21/11/2011</logDate><dbTable>salesdata</dbTable><message>Error adding entry: Store does not exist in database</message><insertId>-1</insertId><importRow>184</importRow></entry><entry><logDate>21/11/2011</logDate><dbTable>salesdata</dbTable><message>Error adding entry: Store does not exist in database</message><insertId>-1</insertId><importRow>185</importRow></entry><entry><logDate>21/11/2011</logDate><dbTable>salesdata</dbTable><message>Error adding entry: Store does not exist in database</message><insertId>-1</insertId><importRow>186</importRow></entry><entry><logDate>21/11/2011</logDate><dbTable>salesdata</dbTable><message>Error adding entry: Store does not exist in database</message><insertId>-1</insertId><importRow>187</importRow></entry><entry><logDate>21/11/2011</logDate><dbTable>salesdata</dbTable><message>Error adding entry: Store does not exist in database</message><insertId>-1</insertId><importRow>188</importRow></entry><entry><logDate>21/11/2011</logDate><dbTable>salesdata</dbTable><message>Error adding entry: Store does not exist in database</message><insertId>-1</insertId><importRow>189</importRow></entry><entry><logDate>21/11/2011</logDate><dbTable>salesdata</dbTable><message>Error adding entry: Store does not exist in database</message><insertId>-1</insertId><importRow>190</importRow></entry><entry><logDate>21/11/2011</logDate><dbTable>salesdata</dbTable><message>Error adding entry: Store does not exist in database</message><insertId>-1</insertId><importRow>191</importRow></entry><entry><logDate>21/11/2011</logDate><dbTable>salesdata</dbTable><message>Error adding entry: Store does not exist in database</message><insertId>-1</insertId><importRow>192</importRow></entry><entry><logDate>21/11/2011</logDate><dbTable>salesdata</dbTable><message>Error adding entry: Store does not exist in database</message><insertId>-1</insertId><importRow>193</importRow></entry><entry><logDate>21/11/2011</logDate><dbTable>salesdata</dbTable><message>Error adding entry: Store does not exist in database</message><insertId>-1</insertId><importRow>194</importRow></entry><entry><logDate>21/11/2011</logDate><dbTable>salesdata</dbTable><message>Error adding entry: Store does not exist in database</message><insertId>-1</insertId><importRow>195</importRow></entry><entry><logDate>21/11/2011</logDate><dbTable>salesdata</dbTable><message>Error adding entry: Store does not exist in database</message><insertId>-1</insertId><importRow>196</importRow></entry><entry><logDate>21/11/2011</logDate><dbTable>salesdata</dbTable><message>Error adding entry: Store does not exist in database</message><insertId>-1</insertId><importRow>197</importRow></entry><entry><logDate>21/11/2011</logDate><dbTable>salesdata</dbTable><message>Error adding entry: Store does not exist in database</message><insertId>-1</insertId><importRow>198</importRow></entry><entry><logDate>21/11/2011</logDate><dbTable>salesdata</dbTable><message>Error adding entry: Store does not exist in database</message><insertId>-1</insertId><importRow>199</importRow></entry><entry><logDate>21/11/2011</logDate><dbTable>salesdata</dbTable><message>Error adding entry: Store does not exist in database</message><insertId>-1</insertId><importRow>200</importRow></entry><entry><logDate>21/11/2011</logDate><dbTable>salesdata</dbTable><message>Error adding entry: Store does not exist in database</message><insertId>-1</insertId><importRow>201</importRow></entry><entry><logDate>21/11/2011</logDate><dbTable>salesdata</dbTable><message>Error adding entry: Store does not exist in database</message><insertId>-1</insertId><importRow>202</importRow></entry><entry><logDate>21/11/2011</logDate><dbTable>salesdata</dbTable><message>Error adding entry: Store does not exist in database</message><insertId>-1</insertId><importRow>203</importRow></entry><entry><logDate>21/11/2011</logDate><dbTable>salesdata</dbTable><message>Error adding entry: Store does not exist in database</message><insertId>-1</insertId><importRow>204</importRow></entry><entry><logDate>21/11/2011</logDate><dbTable>salesdata</dbTable><message>Error adding entry: Store does not exist in database</message><insertId>-1</insertId><importRow>205</importRow></entry><entry><logDate>21/11/2011</logDate><dbTable>salesdata</dbTable><message>Error adding entry: Store does not exist in database</message><insertId>-1</insertId><importRow>206</importRow></entry><entry><logDate>21/11/2011</logDate><dbTable>salesdata</dbTable><message>Error adding entry: Store does not exist in database</message><insertId>-1</insertId><importRow>207</importRow></entry><entry><logDate>21/11/2011</logDate><dbTable>salesdata</dbTable><message>Error adding entry: Store does not exist in database</message><insertId>-1</insertId><importRow>208</importRow></entry><entry><logDate>21/11/2011</logDate><dbTable>salesdata</dbTable><message>Error adding entry: Store does not exist in database</message><insertId>-1</insertId><importRow>209</importRow></entry><entry><logDate>21/11/2011</logDate><dbTable>salesdata</dbTable><message>Error adding entry: Store does not exist in database</message><insertId>-1</insertId><importRow>210</importRow></entry><entry><logDate>21/11/2011</logDate><dbTable>salesdata</dbTable><message>Error adding entry: Store does not exist in database</message><insertId>-1</insertId><importRow>211</importRow></entry><entry><logDate>21/11/2011</logDate><dbTable>salesdata</dbTable><message>Error adding entry: Store does not exist in database</message><insertId>-1</insertId><importRow>212</importRow></entry><entry><logDate>21/11/2011</logDate><dbTable>salesdata</dbTable><message>Error adding entry: Store does not exist in database</message><insertId>-1</insertId><importRow>213</importRow></entry><entry><logDate>21/11/2011</logDate><dbTable>salesdata</dbTable><message>Error adding entry: Store does not exist in database</message><insertId>-1</insertId><importRow>214</importRow></entry><entry><logDate>21/11/2011</logDate><dbTable>salesdata</dbTable><message>Error adding entry: Store does not exist in database</message><insertId>-1</insertId><importRow>215</importRow></entry><entry><logDate>21/11/2011</logDate><dbTable>salesdata</dbTable><message>Error adding entry: Store does not exist in database</message><insertId>-1</insertId><importRow>216</importRow></entry><entry><logDate>21/11/2011</logDate><dbTable>salesdata</dbTable><message>Error adding entry: Store does not exist in database</message><insertId>-1</insertId><importRow>217</importRow></entry><entry><logDate>21/11/2011</logDate><dbTable>salesdata</dbTable><message>Error adding entry: Store does not exist in database</message><insertId>-1</insertId><importRow>218</importRow></entry><entry><logDate>21/11/2011</logDate><dbTable>salesdata</dbTable><message>Error adding entry: Store does not exist in database</message><insertId>-1</insertId><importRow>219</importRow></entry><entry><logDate>21/11/2011</logDate><dbTable>salesdata</dbTable><message>Error adding entry: Store does not exist in database</message><insertId>-1</insertId><importRow>220</importRow></entry><entry><logDate>21/11/2011</logDate><dbTable>salesdata</dbTable><message>Error adding entry: Store does not exist in database</message><insertId>-1</insertId><importRow>221</importRow></entry><entry><logDate>21/11/2011</logDate><dbTable>salesdata</dbTable><message>Error adding entry: Store does not exist in database</message><insertId>-1</insertId><importRow>222</importRow></entry><entry><logDate>21/11/2011</logDate><dbTable>salesdata</dbTable><message>Error adding entry: Store does not exist in database</message><insertId>-1</insertId><importRow>223</importRow></entry><entry><logDate>21/11/2011</logDate><dbTable>salesdata</dbTable><message>Error adding entry: Store does not exist in database</message><insertId>-1</insertId><importRow>224</importRow></entry><entry><logDate>21/11/2011</logDate><dbTable>salesdata</dbTable><message>Error adding entry: Store does not exist in database</message><insertId>-1</insertId><importRow>225</importRow></entry><entry><logDate>21/11/2011</logDate><dbTable>salesdata</dbTable><message>Error adding entry: Store does not exist in database</message><insertId>-1</insertId><importRow>226</importRow></entry><entry><logDate>21/11/2011</logDate><dbTable>salesdata</dbTable><message>Error adding entry: Store does not exist in database</message><insertId>-1</insertId><importRow>227</importRow></entry><entry><logDate>21/11/2011</logDate><dbTable>salesdata</dbTable><message>Error adding entry: Store does not exist in database</message><insertId>-1</insertId><importRow>228</importRow></entry><entry><logDate>21/11/2011</logDate><dbTable>salesdata</dbTable><message>Error adding entry: Store does not exist in database</message><insertId>-1</insertId><importRow>229</importRow></entry><entry><logDate>21/11/2011</logDate><dbTable>salesdata</dbTable><message>Error adding entry: Store does not exist in database</message><insertId>-1</insertId><importRow>230</importRow></entry><entry><logDate>21/11/2011</logDate><dbTable>salesdata</dbTable><message>Error adding entry: Store does not exist in database</message><insertId>-1</insertId><importRow>231</importRow></entry><entry><logDate>21/11/2011</logDate><dbTable>salesdata</dbTable><message>Error adding entry: Store does not exist in database</message><insertId>-1</insertId><importRow>232</importRow></entry><entry><logDate>21/11/2011</logDate><dbTable>salesdata</dbTable><message>Error adding entry: Store does not exist in database</message><insertId>-1</insertId><importRow>233</importRow></entry><entry><logDate>21/11/2011</logDate><dbTable>salesdata</dbTable><message>Error adding entry: Store does not exist in database</message><insertId>-1</insertId><importRow>234</importRow></entry><entry><logDate>21/11/2011</logDate><dbTable>salesdata</dbTable><message>Error adding entry: Store does not exist in database</message><insertId>-1</insertId><importRow>235</importRow></entry><entry><logDate>21/11/2011</logDate><dbTable>salesdata</dbTable><message>Error adding entry: Store does not exist in database</message><insertId>-1</insertId><importRow>236</importRow></entry><entry><logDate>21/11/2011</logDate><dbTable>salesdata</dbTable><message>Error adding entry: Store does not exist in database</message><insertId>-1</insertId><importRow>237</importRow></entry><entry><logDate>21/11/2011</logDate><dbTable>salesdata</dbTable><message>Error adding entry: Store does not exist in database</message><insertId>-1</insertId><importRow>238</importRow></entry><entry><logDate>21/11/2011</logDate><dbTable>salesdata</dbTable><message>Error adding entry: Store does not exist in database</message><insertId>-1</insertId><importRow>239</importRow></entry><entry><logDate>21/11/2011</logDate><dbTable>salesdata</dbTable><message>Error adding entry: Store does not exist in database</message><insertId>-1</insertId><importRow>240</importRow></entry><entry><logDate>21/11/2011</logDate><dbTable>salesdata</dbTable><message>Error adding entry: Store does not exist in database</message><insertId>-1</insertId><importRow>241</importRow></entry><entry><logDate>21/11/2011</logDate><dbTable>salesdata</dbTable><message>Error adding entry: Store does not exist in database</message><insertId>-1</insertId><importRow>242</importRow></entry><entry><logDate>21/11/2011</logDate><dbTable>salesdata</dbTable><message>Error adding entry: Store does not exist in database</message><insertId>-1</insertId><importRow>243</importRow></entry><entry><logDate>21/11/2011</logDate><dbTable>salesdata</dbTable><message>Error adding entry: Store does not exist in database</message><insertId>-1</insertId><importRow>244</importRow></entry><entry><logDate>21/11/2011</logDate><dbTable>salesdata</dbTable><message>Error adding entry: Store does not exist in database</message><insertId>-1</insertId><importRow>245</importRow></entry><entry><logDate>21/11/2011</logDate><dbTable>salesdata</dbTable><message>Error adding entry: Store does not exist in database</message><insertId>-1</insertId><importRow>246</importRow></entry><entry><logDate>21/11/2011</logDate><dbTable>salesdata</dbTable><message>Error adding entry: Store does not exist in database</message><insertId>-1</insertId><importRow>247</importRow></entry><entry><logDate>21/11/2011</logDate><dbTable>salesdata</dbTable><message>Error adding entry: Store does not exist in database</message><insertId>-1</insertId><importRow>248</importRow></entry><entry><logDate>21/11/2011</logDate><dbTable>salesdata</dbTable><message>Error adding entry: Store does not exist in database</message><insertId>-1</insertId><importRow>249</importRow></entry><entry><logDate>21/11/2011</logDate><dbTable>salesdata</dbTable><message>Error adding entry: Store does not exist in database</message><insertId>-1</insertId><importRow>250</importRow></entry><entry><logDate>21/11/2011</logDate><dbTable>salesdata</dbTable><message>Error adding entry: Store does not exist in database</message><insertId>-1</insertId><importRow>251</importRow></entry><entry><logDate>21/11/2011</logDate><dbTable>salesdata</dbTable><message>Error adding entry: Store does not exist in database</message><insertId>-1</insertId><importRow>252</importRow></entry><entry><logDate>21/11/2011</logDate><dbTable>salesdata</dbTable><message>Error adding entry: Store does not exist in database</message><insertId>-1</insertId><importRow>253</importRow></entry><entry><logDate>21/11/2011</logDate><dbTable>salesdata</dbTable><message>Error adding entry: Store does not exist in database</message><insertId>-1</insertId><importRow>254</importRow></entry><entry><logDate>21/11/2011</logDate><dbTable>salesdata</dbTable><message>Error adding entry: Store does not exist in database</message><insertId>-1</insertId><importRow>255</importRow></entry><entry><logDate>21/11/2011</logDate><dbTable>salesdata</dbTable><message>Error adding entry: Store does not exist in database</message><insertId>-1</insertId><importRow>256</importRow></entry><entry><logDate>21/11/2011</logDate><dbTable>salesdata</dbTable><message>Error adding entry: Store does not exist in database</message><insertId>-1</insertId><importRow>257</importRow></entry><entry><logDate>21/11/2011</logDate><dbTable>salesdata</dbTable><message>Error adding entry: Store does not exist in database</message><insertId>-1</insertId><importRow>258</importRow></entry><entry><logDate>21/11/2011</logDate><dbTable>salesdata</dbTable><message>Error adding entry: Store does not exist in database</message><insertId>-1</insertId><importRow>259</importRow></entry><entry><logDate>21/11/2011</logDate><dbTable>salesdata</dbTable><message>Error adding entry: Store does not exist in database</message><insertId>-1</insertId><importRow>260</importRow></entry><entry><logDate>21/11/2011</logDate><dbTable>salesdata</dbTable><message>Error adding entry: Store does not exist in database</message><insertId>-1</insertId><importRow>261</importRow></entry><entry><logDate>21/11/2011</logDate><dbTable>salesdata</dbTable><message>Error adding entry: Store does not exist in database</message><insertId>-1</insertId><importRow>262</importRow></entry><entry><logDate>21/11/2011</logDate><dbTable>salesdata</dbTable><message>Error adding entry: Store does not exist in database</message><insertId>-1</insertId><importRow>263</importRow></entry><entry><logDate>21/11/2011</logDate><dbTable>salesdata</dbTable><message>Error adding entry: Store does not exist in database</message><insertId>-1</insertId><importRow>264</importRow></entry><entry><logDate>21/11/2011</logDate><dbTable>salesdata</dbTable><message>Error adding entry: Store does not exist in database</message><insertId>-1</insertId><importRow>265</importRow></entry><entry><logDate>21/11/2011</logDate><dbTable>salesdata</dbTable><message>Error adding entry: Store does not exist in database</message><insertId>-1</insertId><importRow>266</importRow></entry><entry><logDate>21/11/2011</logDate><dbTable>salesdata</dbTable><message>Error adding entry: Store does not exist in database</message><insertId>-1</insertId><importRow>267</importRow></entry><entry><logDate>21/11/2011</logDate><dbTable>salesdata</dbTable><message>Error adding entry: Store does not exist in database</message><insertId>-1</insertId><importRow>268</importRow></entry><entry><logDate>21/11/2011</logDate><dbTable>salesdata</dbTable><message>Error adding entry: Store does not exist in database</message><insertId>-1</insertId><importRow>269</importRow></entry><entry><logDate>21/11/2011</logDate><dbTable>salesdata</dbTable><message>Error adding entry: Store does not exist in database</message><insertId>-1</insertId><importRow>270</importRow></entry><entry><logDate>21/11/2011</logDate><dbTable>salesdata</dbTable><message>Error adding entry: Store does not exist in database</message><insertId>-1</insertId><importRow>271</importRow></entry><entry><logDate>21/11/2011</logDate><dbTable>salesdata</dbTable><message>Error adding entry: Store does not exist in database</message><insertId>-1</insertId><importRow>272</importRow></entry><entry><logDate>21/11/2011</logDate><dbTable>salesdata</dbTable><message>Error adding entry: Store does not exist in database</message><insertId>-1</insertId><importRow>273</importRow></entry><entry><logDate>21/11/2011</logDate><dbTable>salesdata</dbTable><message>Error adding entry: Store does not exist in database</message><insertId>-1</insertId><importRow>274</importRow></entry><entry><logDate>21/11/2011</logDate><dbTable>salesdata</dbTable><message>Error adding entry: Store does not exist in database</message><insertId>-1</insertId><importRow>275</importRow></entry><entry><logDate>21/11/2011</logDate><dbTable>salesdata</dbTable><message>Error adding entry: Store does not exist in database</message><insertId>-1</insertId><importRow>276</importRow></entry><entry><logDate>21/11/2011</logDate><dbTable>salesdata</dbTable><message>Error adding entry: Store does not exist in database</message><insertId>-1</insertId><importRow>277</importRow></entry><entry><logDate>21/11/2011</logDate><dbTable>salesdata</dbTable><message>Error adding entry: Store does not exist in database</message><insertId>-1</insertId><importRow>278</importRow></entry><entry><logDate>21/11/2011</logDate><dbTable>salesdata</dbTable><message>Error adding entry: Store does not exist in database</message><insertId>-1</insertId><importRow>279</importRow></entry><entry><logDate>21/11/2011</logDate><dbTable>salesdata</dbTable><message>Error adding entry: Store does not exist in database</message><insertId>-1</insertId><importRow>280</importRow></entry><entry><logDate>21/11/2011</logDate><dbTable>salesdata</dbTable><message>Error adding entry: Store does not exist in database</message><insertId>-1</insertId><importRow>281</importRow></entry><entry><logDate>21/11/2011</logDate><dbTable>salesdata</dbTable><message>Error adding entry: Store does not exist in database</message><insertId>-1</insertId><importRow>282</importRow></entry><entry><logDate>21/11/2011</logDate><dbTable>salesdata</dbTable><message>Error adding entry: Store does not exist in database</message><insertId>-1</insertId><importRow>283</importRow></entry><entry><logDate>21/11/2011</logDate><dbTable>salesdata</dbTable><message>Error adding entry: Store does not exist in database</message><insertId>-1</insertId><importRow>284</importRow></entry><entry><logDate>21/11/2011</logDate><dbTable>salesdata</dbTable><message>Error adding entry: Store does not exist in database</message><insertId>-1</insertId><importRow>285</importRow></entry><entry><logDate>21/11/2011</logDate><dbTable>salesdata</dbTable><message>Error adding entry: Store does not exist in database</message><insertId>-1</insertId><importRow>286</importRow></entry><entry><logDate>21/11/2011</logDate><dbTable>salesdata</dbTable><message>Error adding entry: Store does not exist in database</message><insertId>-1</insertId><importRow>287</importRow></entry><entry><logDate>21/11/2011</logDate><dbTable>salesdata</dbTable><message>Error adding entry: Store does not exist in database</message><insertId>-1</insertId><importRow>288</importRow></entry><entry><logDate>21/11/2011</logDate><dbTable>salesdata</dbTable><message>Error adding entry: Store does not exist in database</message><insertId>-1</insertId><importRow>289</importRow></entry><entry><logDate>21/11/2011</logDate><dbTable>salesdata</dbTable><message>Error adding entry: Store does not exist in database</message><insertId>-1</insertId><importRow>290</importRow></entry><entry><logDate>21/11/2011</logDate><dbTable>salesdata</dbTable><message>Error adding entry: Store does not exist in database</message><insertId>-1</insertId><importRow>291</importRow></entry><entry><logDate>21/11/2011</logDate><dbTable>salesdata</dbTable><message>Error adding entry: Store does not exist in database</message><insertId>-1</insertId><importRow>292</importRow></entry><entry><logDate>21/11/2011</logDate><dbTable>salesdata</dbTable><message>Error adding entry: Store does not exist in database</message><insertId>-1</insertId><importRow>293</importRow></entry><entry><logDate>21/11/2011</logDate><dbTable>salesdata</dbTable><message>Error adding entry: Store does not exist in database</message><insertId>-1</insertId><importRow>294</importRow></entry><entry><logDate>21/11/2011</logDate><dbTable>salesdata</dbTable><message>Error adding entry: Store does not exist in database</message><insertId>-1</insertId><importRow>295</importRow></entry><entry><logDate>21/11/2011</logDate><dbTable>salesdata</dbTable><message>Error adding entry: Store does not exist in database</message><insertId>-1</insertId><importRow>296</importRow></entry><entry><logDate>21/11/2011</logDate><dbTable>salesdata</dbTable><message>Error adding entry: Store does not exist in database</message><insertId>-1</insertId><importRow>297</importRow></entry><entry><logDate>21/11/2011</logDate><dbTable>salesdata</dbTable><message>Error adding entry: Store does not exist in database</message><insertId>-1</insertId><importRow>298</importRow></entry><entry><logDate>21/11/2011</logDate><dbTable>salesdata</dbTable><message>Error adding entry: Store does not exist in database</message><insertId>-1</insertId><importRow>299</importRow></entry><entry><logDate>21/11/2011</logDate><dbTable>salesdata</dbTable><message>Error adding entry: Store does not exist in database</message><insertId>-1</insertId><importRow>300</importRow></entry><entry><logDate>21/11/2011</logDate><dbTable>salesdata</dbTable><message>Error adding entry: Store does not exist in database</message><insertId>-1</insertId><importRow>301</importRow></entry><entry><logDate>21/11/2011</logDate><dbTable>salesdata</dbTable><message>Error adding entry: Store does not exist in database</message><insertId>-1</insertId><importRow>302</importRow></entry><entry><logDate>21/11/2011</logDate><dbTable>salesdata</dbTable><message>Error adding entry: Store does not exist in database</message><insertId>-1</insertId><importRow>303</importRow></entry><entry><logDate>21/11/2011</logDate><dbTable>salesdata</dbTable><message>Error adding entry: Store does not exist in database</message><insertId>-1</insertId><importRow>304</importRow></entry><entry><logDate>21/11/2011</logDate><dbTable>salesdata</dbTable><message>Error adding entry: Store does not exist in database</message><insertId>-1</insertId><importRow>305</importRow></entry><entry><logDate>21/11/2011</logDate><dbTable>salesdata</dbTable><message>Error adding entry: Store does not exist in database</message><insertId>-1</insertId><importRow>306</importRow></entry><entry><logDate>21/11/2011</logDate><dbTable>salesdata</dbTable><message>Error adding entry: Store does not exist in database</message><insertId>-1</insertId><importRow>307</importRow></entry><entry><logDate>21/11/2011</logDate><dbTable>salesdata</dbTable><message>Error adding entry: Store does not exist in database</message><insertId>-1</insertId><importRow>308</importRow></entry><entry><logDate>21/11/2011</logDate><dbTable>salesdata</dbTable><message>Error adding entry: Store does not exist in database</message><insertId>-1</insertId><importRow>309</importRow></entry><entry><logDate>21/11/2011</logDate><dbTable>salesdata</dbTable><message>Error adding entry: Store does not exist in database</message><insertId>-1</insertId><importRow>310</importRow></entry><entry><logDate>21/11/2011</logDate><dbTable>salesdata</dbTable><message>Error adding entry: Store does not exist in database</message><insertId>-1</insertId><importRow>311</importRow></entry><entry><logDate>21/11/2011</logDate><dbTable>salesdata</dbTable><message>Error adding entry: Store does not exist in database</message><insertId>-1</insertId><importRow>312</importRow></entry><entry><logDate>21/11/2011</logDate><dbTable>salesdata</dbTable><message>Error adding entry: Store does not exist in database</message><insertId>-1</insertId><importRow>313</importRow></entry><entry><logDate>21/11/2011</logDate><dbTable>salesdata</dbTable><message>Error adding entry: Store does not exist in database</message><insertId>-1</insertId><importRow>314</importRow></entry><entry><logDate>21/11/2011</logDate><dbTable>salesdata</dbTable><message>Error adding entry: Store does not exist in database</message><insertId>-1</insertId><importRow>315</importRow></entry><entry><logDate>21/11/2011</logDate><dbTable>salesdata</dbTable><message>Error adding entry: Store does not exist in database</message><insertId>-1</insertId><importRow>316</importRow></entry><entry><logDate>21/11/2011</logDate><dbTable>salesdata</dbTable><message>Error adding entry: Store does not exist in database</message><insertId>-1</insertId><importRow>317</importRow></entry><entry><logDate>21/11/2011</logDate><dbTable>salesdata</dbTable><message>Error adding entry: Store does not exist in database</message><insertId>-1</insertId><importRow>318</importRow></entry><entry><logDate>21/11/2011</logDate><dbTable>salesdata</dbTable><message>Error adding entry: Store does not exist in database</message><insertId>-1</insertId><importRow>319</importRow></entry><entry><logDate>21/11/2011</logDate><dbTable>salesdata</dbTable><message>Error adding entry: Store does not exist in database</message><insertId>-1</insertId><importRow>320</importRow></entry><entry><logDate>21/11/2011</logDate><dbTable>salesdata</dbTable><message>Error adding entry: Store does not exist in database</message><insertId>-1</insertId><importRow>321</importRow></entry><entry><logDate>21/11/2011</logDate><dbTable>salesdata</dbTable><message>Error adding entry: Store does not exist in database</message><insertId>-1</insertId><importRow>322</importRow></entry><entry><logDate>21/11/2011</logDate><dbTable>salesdata</dbTable><message>Error adding entry: Store does not exist in database</message><insertId>-1</insertId><importRow>323</importRow></entry><entry><logDate>21/11/2011</logDate><dbTable>salesdata</dbTable><message>Error adding entry: Store does not exist in database</message><insertId>-1</insertId><importRow>324</importRow></entry><entry><logDate>21/11/2011</logDate><dbTable>salesdata</dbTable><message>Error adding entry: Store does not exist in database</message><insertId>-1</insertId><importRow>325</importRow></entry><entry><logDate>21/11/2011</logDate><dbTable>salesdata</dbTable><message>Error adding entry: Store does not exist in database</message><insertId>-1</insertId><importRow>326</importRow></entry><entry><logDate>21/11/2011</logDate><dbTable>salesdata</dbTable><message>Error adding entry: Store does not exist in database</message><insertId>-1</insertId><importRow>327</importRow></entry><entry><logDate>21/11/2011</logDate><dbTable>salesdata</dbTable><message>Error adding entry: Store does not exist in database</message><insertId>-1</insertId><importRow>328</importRow></entry><entry><logDate>21/11/2011</logDate><dbTable>salesdata</dbTable><message>Error adding entry: Store does not exist in database</message><insertId>-1</insertId><importRow>329</importRow></entry><entry><logDate>21/11/2011</logDate><dbTable>salesdata</dbTable><message>Error adding entry: Store does not exist in database</message><insertId>-1</insertId><importRow>330</importRow></entry><entry><logDate>21/11/2011</logDate><dbTable>salesdata</dbTable><message>Error adding entry: Store does not exist in database</message><insertId>-1</insertId><importRow>331</importRow></entry><entry><logDate>21/11/2011</logDate><dbTable>salesdata</dbTable><message>Error adding entry: Store does not exist in database</message><insertId>-1</insertId><importRow>332</importRow></entry><entry><logDate>21/11/2011</logDate><dbTable>salesdata</dbTable><message>Error adding entry: Store does not exist in database</message><insertId>-1</insertId><importRow>333</importRow></entry><entry><logDate>21/11/2011</logDate><dbTable>salesdata</dbTable><message>Error adding entry: Store does not exist in database</message><insertId>-1</insertId><importRow>334</importRow></entry><entry><logDate>21/11/2011</logDate><dbTable>salesdata</dbTable><message>Error adding entry: Store does not exist in database</message><insertId>-1</insertId><importRow>335</importRow></entry><entry><logDate>21/11/2011</logDate><dbTable>salesdata</dbTable><message>Error adding entry: Store does not exist in database</message><insertId>-1</insertId><importRow>336</importRow></entry><entry><logDate>21/11/2011</logDate><dbTable>salesdata</dbTable><message>Error adding entry: Store does not exist in database</message><insertId>-1</insertId><importRow>337</importRow></entry><entry><logDate>21/11/2011</logDate><dbTable>salesdata</dbTable><message>Error adding entry: Store does not exist in database</message><insertId>-1</insertId><importRow>338</importRow></entry><entry><logDate>21/11/2011</logDate><dbTable>salesdata</dbTable><message>Error adding entry: Store does not exist in database</message><insertId>-1</insertId><importRow>339</importRow></entry><entry><logDate>21/11/2011</logDate><dbTable>salesdata</dbTable><message>Error adding entry: Store does not exist in database</message><insertId>-1</insertId><importRow>340</importRow></entry><entry><logDate>21/11/2011</logDate><dbTable>salesdata</dbTable><message>Error adding entry: Store does not exist in database</message><insertId>-1</insertId><importRow>341</importRow></entry><entry><logDate>21/11/2011</logDate><dbTable>salesdata</dbTable><message>Error adding entry: Store does not exist in database</message><insertId>-1</insertId><importRow>342</importRow></entry><entry><logDate>21/11/2011</logDate><dbTable>salesdata</dbTable><message>Error adding entry: Store does not exist in database</message><insertId>-1</insertId><importRow>343</importRow></entry><entry><logDate>21/11/2011</logDate><dbTable>salesdata</dbTable><message>Error adding entry: Store does not exist in database</message><insertId>-1</insertId><importRow>344</importRow></entry><entry><logDate>21/11/2011</logDate><dbTable>salesdata</dbTable><message>Error adding entry: Store does not exist in database</message><insertId>-1</insertId><importRow>345</importRow></entry><entry><logDate>21/11/2011</logDate><dbTable>salesdata</dbTable><message>Error adding entry: Store does not exist in database</message><insertId>-1</insertId><importRow>346</importRow></entry><entry><logDate>21/11/2011</logDate><dbTable>salesdata</dbTable><message>Error adding entry: Store does not exist in database</message><insertId>-1</insertId><importRow>347</importRow></entry><entry><logDate>21/11/2011</logDate><dbTable>salesdata</dbTable><message>Error adding entry: Store does not exist in database</message><insertId>-1</insertId><importRow>348</importRow></entry><entry><logDate>21/11/2011</logDate><dbTable>salesdata</dbTable><message>Error adding entry: Store does not exist in database</message><insertId>-1</insertId><importRow>349</importRow></entry><entry><logDate>21/11/2011</logDate><dbTable>salesdata</dbTable><message>Error adding entry: Store does not exist in database</message><insertId>-1</insertId><importRow>350</importRow></entry><entry><logDate>21/11/2011</logDate><dbTable>salesdata</dbTable><message>Error adding entry: Store does not exist in database</message><insertId>-1</insertId><importRow>351</importRow></entry><entry><logDate>21/11/2011</logDate><dbTable>salesdata</dbTable><message>Error adding entry: Store does not exist in database</message><insertId>-1</insertId><importRow>352</importRow></entry><entry><logDate>21/11/2011</logDate><dbTable>salesdata</dbTable><message>Error adding entry: Store does not exist in database</message><insertId>-1</insertId><importRow>353</importRow></entry><entry><logDate>21/11/2011</logDate><dbTable>salesdata</dbTable><message>Error adding entry: Store does not exist in database</message><insertId>-1</insertId><importRow>354</importRow></entry><entry><logDate>21/11/2011</logDate><dbTable>salesdata</dbTable><message>Error adding entry: Store does not exist in database</message><insertId>-1</insertId><importRow>355</importRow></entry><entry><logDate>21/11/2011</logDate><dbTable>salesdata</dbTable><message>Error adding entry: Store does not exist in database</message><insertId>-1</insertId><importRow>356</importRow></entry><entry><logDate>21/11/2011</logDate><dbTable>salesdata</dbTable><message>Error adding entry: Store does not exist in database</message><insertId>-1</insertId><importRow>357</importRow></entry><entry><logDate>21/11/2011</logDate><dbTable>salesdata</dbTable><message>Error adding entry: Store does not exist in database</message><insertId>-1</insertId><importRow>358</importRow></entry><entry><logDate>21/11/2011</logDate><dbTable>salesdata</dbTable><message>Error adding entry: Store does not exist in database</message><insertId>-1</insertId><importRow>359</importRow></entry><entry><logDate>21/11/2011</logDate><dbTable>salesdata</dbTable><message>Error adding entry: Store does not exist in database</message><insertId>-1</insertId><importRow>360</importRow></entry><entry><logDate>21/11/2011</logDate><dbTable>salesdata</dbTable><message>Error adding entry: Store does not exist in database</message><insertId>-1</insertId><importRow>361</importRow></entry><entry><logDate>21/11/2011</logDate><dbTable>salesdata</dbTable><message>Error adding entry: Store does not exist in database</message><insertId>-1</insertId><importRow>362</importRow></entry><entry><logDate>21/11/2011</logDate><dbTable>salesdata</dbTable><message>Error adding entry: Store does not exist in database</message><insertId>-1</insertId><importRow>363</importRow></entry><entry><logDate>21/11/2011</logDate><dbTable>salesdata</dbTable><message>Error adding entry: Store does not exist in database</message><insertId>-1</insertId><importRow>364</importRow></entry><entry><logDate>21/11/2011</logDate><dbTable>salesdata</dbTable><message>Error adding entry: Store does not exist in database</message><insertId>-1</insertId><importRow>365</importRow></entry><entry><logDate>21/11/2011</logDate><dbTable>salesdata</dbTable><message>Error adding entry: Store does not exist in database</message><insertId>-1</insertId><importRow>366</importRow></entry><entry><logDate>21/11/2011</logDate><dbTable>salesdata</dbTable><message>Error adding entry: Store does not exist in database</message><insertId>-1</insertId><importRow>367</importRow></entry><entry><logDate>21/11/2011</logDate><dbTable>salesdata</dbTable><message>Error adding entry: Store does not exist in database</message><insertId>-1</insertId><importRow>368</importRow></entry><entry><logDate>21/11/2011</logDate><dbTable>salesdata</dbTable><message>Error adding entry: Store does not exist in database</message><insertId>-1</insertId><importRow>369</importRow></entry><entry><logDate>21/11/2011</logDate><dbTable>salesdata</dbTable><message>Error adding entry: Store does not exist in database</message><insertId>-1</insertId><importRow>370</importRow></entry><entry><logDate>21/11/2011</logDate><dbTable>salesdata</dbTable><message>Error adding entry: Store does not exist in database</message><insertId>-1</insertId><importRow>371</importRow></entry><entry><logDate>21/11/2011</logDate><dbTable>salesdata</dbTable><message>Error adding entry: Store does not exist in database</message><insertId>-1</insertId><importRow>372</importRow></entry><entry><logDate>21/11/2011</logDate><dbTable>salesdata</dbTable><message>Error adding entry: Store does not exist in database</message><insertId>-1</insertId><importRow>373</importRow></entry><entry><logDate>21/11/2011</logDate><dbTable>salesdata</dbTable><message>Error adding entry: Store does not exist in database</message><insertId>-1</insertId><importRow>374</importRow></entry><entry><logDate>21/11/2011</logDate><dbTable>salesdata</dbTable><message>Error adding entry: Store does not exist in database</message><insertId>-1</insertId><importRow>375</importRow></entry><entry><logDate>21/11/2011</logDate><dbTable>salesdata</dbTable><message>Error adding entry: Store does not exist in database</message><insertId>-1</insertId><importRow>376</importRow></entry><entry><logDate>21/11/2011</logDate><dbTable>salesdata</dbTable><message>Error adding entry: Store does not exist in database</message><insertId>-1</insertId><importRow>377</importRow></entry><entry><logDate>21/11/2011</logDate><dbTable>salesdata</dbTable><message>Error adding entry: Store does not exist in database</message><insertId>-1</insertId><importRow>378</importRow></entry><entry><logDate>21/11/2011</logDate><dbTable>salesdata</dbTable><message>Error adding entry: Store does not exist in database</message><insertId>-1</insertId><importRow>379</importRow></entry><entry><logDate>21/11/2011</logDate><dbTable>salesdata</dbTable><message>Error adding entry: Store does not exist in database</message><insertId>-1</insertId><importRow>380</importRow></entry><entry><logDate>21/11/2011</logDate><dbTable>salesdata</dbTable><message>Error adding entry: Store does not exist in database</message><insertId>-1</insertId><importRow>381</importRow></entry><entry><logDate>21/11/2011</logDate><dbTable>salesdata</dbTable><message>Error adding entry: Store does not exist in database</message><insertId>-1</insertId><importRow>382</importRow></entry><entry><logDate>21/11/2011</logDate><dbTable>salesdata</dbTable><message>Error adding entry: Store does not exist in database</message><insertId>-1</insertId><importRow>383</importRow></entry><entry><logDate>21/11/2011</logDate><dbTable>salesdata</dbTable><message>Error adding entry: Store does not exist in database</message><insertId>-1</insertId><importRow>384</importRow></entry><entry><logDate>21/11/2011</logDate><dbTable>salesdata</dbTable><message>Error adding entry: Store does not exist in database</message><insertId>-1</insertId><importRow>385</importRow></entry><entry><logDate>21/11/2011</logDate><dbTable>salesdata</dbTable><message>Error adding entry: Store does not exist in database</message><insertId>-1</insertId><importRow>386</importRow></entry><entry><logDate>21/11/2011</logDate><dbTable>salesdata</dbTable><message>Error adding entry: Store does not exist in database</message><insertId>-1</insertId><importRow>387</importRow></entry><entry><logDate>21/11/2011</logDate><dbTable>salesdata</dbTable><message>Error adding entry: Store does not exist in database</message><insertId>-1</insertId><importRow>388</importRow></entry><entry><logDate>21/11/2011</logDate><dbTable>salesdata</dbTable><message>Error adding entry: Store does not exist in database</message><insertId>-1</insertId><importRow>389</importRow></entry><entry><logDate>21/11/2011</logDate><dbTable>salesdata</dbTable><message>Error adding entry: Store does not exist in database</message><insertId>-1</insertId><importRow>390</importRow></entry><entry><logDate>21/11/2011</logDate><dbTable>salesdata</dbTable><message>Error adding entry: Store does not exist in database</message><insertId>-1</insertId><importRow>391</importRow></entry><entry><logDate>21/11/2011</logDate><dbTable>salesdata</dbTable><message>Error adding entry: Store does not exist in database</message><insertId>-1</insertId><importRow>392</importRow></entry><entry><logDate>21/11/2011</logDate><dbTable>salesdata</dbTable><message>Error adding entry: Store does not exist in database</message><insertId>-1</insertId><importRow>393</importRow></entry><entry><logDate>21/11/2011</logDate><dbTable>salesdata</dbTable><message>Error adding entry: Store does not exist in database</message><insertId>-1</insertId><importRow>394</importRow></entry><entry><logDate>21/11/2011</logDate><dbTable>salesdata</dbTable><message>Error adding entry: Store does not exist in database</message><insertId>-1</insertId><importRow>395</importRow></entry><entry><logDate>21/11/2011</logDate><dbTable>salesdata</dbTable><message>Error adding entry: Store does not exist in database</message><insertId>-1</insertId><importRow>396</importRow></entry><entry><logDate>21/11/2011</logDate><dbTable>salesdata</dbTable><message>Error adding entry: Store does not exist in database</message><insertId>-1</insertId><importRow>397</importRow></entry><entry><logDate>21/11/2011</logDate><dbTable>salesdata</dbTable><message>Error adding entry: Store does not exist in database</message><insertId>-1</insertId><importRow>398</importRow></entry><entry><logDate>21/11/2011</logDate><dbTable>salesdata</dbTable><message>Error adding entry: Store does not exist in database</message><insertId>-1</insertId><importRow>399</importRow></entry><entry><logDate>21/11/2011</logDate><dbTable>salesdata</dbTable><message>Error adding entry: Store does not exist in database</message><insertId>-1</insertId><importRow>400</importRow></entry><entry><logDate>21/11/2011</logDate><dbTable>salesdata</dbTable><message>Error adding entry: Store does not exist in database</message><insertId>-1</insertId><importRow>401</importRow></entry><entry><logDate>21/11/2011</logDate><dbTable>salesdata</dbTable><message>Error adding entry: Store does not exist in database</message><insertId>-1</insertId><importRow>402</importRow></entry><entry><logDate>21/11/2011</logDate><dbTable>salesdata</dbTable><message>Error adding entry: Store does not exist in database</message><insertId>-1</insertId><importRow>403</importRow></entry><entry><logDate>21/11/2011</logDate><dbTable>salesdata</dbTable><message>Error adding entry: Store does not exist in database</message><insertId>-1</insertId><importRow>404</importRow></entry><entry><logDate>21/11/2011</logDate><dbTable>salesdata</dbTable><message>Error adding entry: Store does not exist in database</message><insertId>-1</insertId><importRow>405</importRow></entry><entry><logDate>21/11/2011</logDate><dbTable>salesdata</dbTable><message>Error adding entry: Store does not exist in database</message><insertId>-1</insertId><importRow>406</importRow></entry><entry><logDate>21/11/2011</logDate><dbTable>salesdata</dbTable><message>Error adding entry: Store does not exist in database</message><insertId>-1</insertId><importRow>407</importRow></entry><entry><logDate>21/11/2011</logDate><dbTable>salesdata</dbTable><message>Error adding entry: Store does not exist in database</message><insertId>-1</insertId><importRow>408</importRow></entry><entry><logDate>21/11/2011</logDate><dbTable>salesdata</dbTable><message>Error adding entry: Store does not exist in database</message><insertId>-1</insertId><importRow>409</importRow></entry><entry><logDate>21/11/2011</logDate><dbTable>salesdata</dbTable><message>Error adding entry: Store does not exist in database</message><insertId>-1</insertId><importRow>410</importRow></entry><entry><logDate>21/11/2011</logDate><dbTable>salesdata</dbTable><message>Error adding entry: Store does not exist in database</message><insertId>-1</insertId><importRow>411</importRow></entry><entry><logDate>21/11/2011</logDate><dbTable>salesdata</dbTable><message>Error adding entry: Store does not exist in database</message><insertId>-1</insertId><importRow>412</importRow></entry><entry><logDate>21/11/2011</logDate><dbTable>salesdata</dbTable><message>Error adding entry: Store does not exist in database</message><insertId>-1</insertId><importRow>413</importRow></entry><entry><logDate>21/11/2011</logDate><dbTable>salesdata</dbTable><message>Error adding entry: Store does not exist in database</message><insertId>-1</insertId><importRow>414</importRow></entry><entry><logDate>21/11/2011</logDate><dbTable>salesdata</dbTable><message>Error adding entry: Store does not exist in database</message><insertId>-1</insertId><importRow>415</importRow></entry><entry><logDate>21/11/2011</logDate><dbTable>salesdata</dbTable><message>Error adding entry: Store does not exist in database</message><insertId>-1</insertId><importRow>416</importRow></entry><entry><logDate>21/11/2011</logDate><dbTable>salesdata</dbTable><message>Error adding entry: Store does not exist in database</message><insertId>-1</insertId><importRow>417</importRow></entry><entry><logDate>21/11/2011</logDate><dbTable>salesdata</dbTable><message>Error adding entry: Store does not exist in database</message><insertId>-1</insertId><importRow>418</importRow></entry><entry><logDate>21/11/2011</logDate><dbTable>salesdata</dbTable><message>Error adding entry: Store does not exist in database</message><insertId>-1</insertId><importRow>419</importRow></entry><entry><logDate>21/11/2011</logDate><dbTable>salesdata</dbTable><message>Error adding entry: Store does not exist in database</message><insertId>-1</insertId><importRow>420</importRow></entry><entry><logDate>21/11/2011</logDate><dbTable>salesdata</dbTable><message>Error adding entry: Store does not exist in database</message><insertId>-1</insertId><importRow>421</importRow></entry><entry><logDate>21/11/2011</logDate><dbTable>salesdata</dbTable><message>Error adding entry: Store does not exist in database</message><insertId>-1</insertId><importRow>422</importRow></entry><entry><logDate>21/11/2011</logDate><dbTable>salesdata</dbTable><message>Error adding entry: Store does not exist in database</message><insertId>-1</insertId><importRow>423</importRow></entry><entry><logDate>21/11/2011</logDate><dbTable>salesdata</dbTable><message>Error adding entry: Store does not exist in database</message><insertId>-1</insertId><importRow>424</importRow></entry><entry><logDate>21/11/2011</logDate><dbTable>salesdata</dbTable><message>Error adding entry: Store does not exist in database</message><insertId>-1</insertId><importRow>425</importRow></entry><entry><logDate>21/11/2011</logDate><dbTable>salesdata</dbTable><message>Error adding entry: Store does not exist in database</message><insertId>-1</insertId><importRow>426</importRow></entry><entry><logDate>21/11/2011</logDate><dbTable>salesdata</dbTable><message>Error adding entry: Store does not exist in database</message><insertId>-1</insertId><importRow>427</importRow></entry><entry><logDate>21/11/2011</logDate><dbTable>salesdata</dbTable><message>Error adding entry: Store does not exist in database</message><insertId>-1</insertId><importRow>428</importRow></entry><entry><logDate>21/11/2011</logDate><dbTable>salesdata</dbTable><message>Error adding entry: Store does not exist in database</message><insertId>-1</insertId><importRow>429</importRow></entry><entry><logDate>21/11/2011</logDate><dbTable>salesdata</dbTable><message>Error adding entry: Store does not exist in database</message><insertId>-1</insertId><importRow>430</importRow></entry><entry><logDate>21/11/2011</logDate><dbTable>salesdata</dbTable><message>Error adding entry: Store does not exist in database</message><insertId>-1</insertId><importRow>431</importRow></entry><entry><logDate>21/11/2011</logDate><dbTable>salesdata</dbTable><message>Error adding entry: Store does not exist in database</message><insertId>-1</insertId><importRow>432</importRow></entry><entry><logDate>21/11/2011</logDate><dbTable>salesdata</dbTable><message>Error adding entry: Store does not exist in database</message><insertId>-1</insertId><importRow>433</importRow></entry><entry><logDate>21/11/2011</logDate><dbTable>salesdata</dbTable><message>Error adding entry: Store does not exist in database</message><insertId>-1</insertId><importRow>434</importRow></entry><entry><logDate>21/11/2011</logDate><dbTable>salesdata</dbTable><message>Error adding entry: Store does not exist in database</message><insertId>-1</insertId><importRow>435</importRow></entry><entry><logDate>21/11/2011</logDate><dbTable>salesdata</dbTable><message>Error adding entry: Store does not exist in database</message><insertId>-1</insertId><importRow>436</importRow></entry><entry><logDate>21/11/2011</logDate><dbTable>salesdata</dbTable><message>Error adding entry: Store does not exist in database</message><insertId>-1</insertId><importRow>437</importRow></entry><entry><logDate>21/11/2011</logDate><dbTable>salesdata</dbTable><message>Error adding entry: Store does not exist in database</message><insertId>-1</insertId><importRow>438</importRow></entry><entry><logDate>21/11/2011</logDate><dbTable>salesdata</dbTable><message>Error adding entry: Store does not exist in database</message><insertId>-1</insertId><importRow>439</importRow></entry><entry><logDate>21/11/2011</logDate><dbTable>salesdata</dbTable><message>Error adding entry: Store does not exist in database</message><insertId>-1</insertId><importRow>440</importRow></entry><entry><logDate>21/11/2011</logDate><dbTable>salesdata</dbTable><message>Error adding entry: Store does not exist in database</message><insertId>-1</insertId><importRow>441</importRow></entry><entry><logDate>21/11/2011</logDate><dbTable>salesdata</dbTable><message>Error adding entry: Store does not exist in database</message><insertId>-1</insertId><importRow>442</importRow></entry><entry><logDate>21/11/2011</logDate><dbTable>salesdata</dbTable><message>Error adding entry: Store does not exist in database</message><insertId>-1</insertId><importRow>443</importRow></entry><entry><logDate>21/11/2011</logDate><dbTable>salesdata</dbTable><message>Error adding entry: Store does not exist in database</message><insertId>-1</insertId><importRow>444</importRow></entry><entry><logDate>21/11/2011</logDate><dbTable>salesdata</dbTable><message>Error adding entry: Store does not exist in database</message><insertId>-1</insertId><importRow>445</importRow></entry><entry><logDate>21/11/2011</logDate><dbTable>salesdata</dbTable><message>Error adding entry: Store does not exist in database</message><insertId>-1</insertId><importRow>446</importRow></entry><entry><logDate>21/11/2011</logDate><dbTable>salesdata</dbTable><message>Error adding entry: Store does not exist in database</message><insertId>-1</insertId><importRow>447</importRow></entry><entry><logDate>21/11/2011</logDate><dbTable>salesdata</dbTable><message>Error adding entry: Store does not exist in database</message><insertId>-1</insertId><importRow>448</importRow></entry><entry><logDate>21/11/2011</logDate><dbTable>salesdata</dbTable><message>Error adding entry: Store does not exist in database</message><insertId>-1</insertId><importRow>449</importRow></entry><entry><logDate>21/11/2011</logDate><dbTable>salesdata</dbTable><message>Error adding entry: Store does not exist in database</message><insertId>-1</insertId><importRow>450</importRow></entry><entry><logDate>21/11/2011</logDate><dbTable>salesdata</dbTable><message>Error adding entry: Store does not exist in database</message><insertId>-1</insertId><importRow>451</importRow></entry><entry><logDate>21/11/2011</logDate><dbTable>salesdata</dbTable><message>Error adding entry: Store does not exist in database</message><insertId>-1</insertId><importRow>452</importRow></entry><entry><logDate>21/11/2011</logDate><dbTable>salesdata</dbTable><message>Error adding entry: Store does not exist in database</message><insertId>-1</insertId><importRow>453</importRow></entry><entry><logDate>21/11/2011</logDate><dbTable>salesdata</dbTable><message>Error adding entry: Store does not exist in database</message><insertId>-1</insertId><importRow>454</importRow></entry><entry><logDate>21/11/2011</logDate><dbTable>salesdata</dbTable><message>Error adding entry: Store does not exist in database</message><insertId>-1</insertId><importRow>455</importRow></entry><entry><logDate>21/11/2011</logDate><dbTable>salesdata</dbTable><message>Error adding entry: Store does not exist in database</message><insertId>-1</insertId><importRow>456</importRow></entry><entry><logDate>21/11/2011</logDate><dbTable>salesdata</dbTable><message>Error adding entry: Store does not exist in database</message><insertId>-1</insertId><importRow>457</importRow></entry><entry><logDate>21/11/2011</logDate><dbTable>salesdata</dbTable><message>Error adding entry: Store does not exist in database</message><insertId>-1</insertId><importRow>458</importRow></entry>','','SalesImport',NULL),(182,'2011-11-21 16:54:21','<entry><logDate>21/11/2011</logDate><dbTable>artist</dbTable><message>Entry added successfully</message><insertId>26</insertId><importRow>0</importRow></entry><entry><logDate>21/11/2011</logDate><dbTable>artist</dbTable><message>Entry added successfully</message><insertId>27</insertId><importRow>1</importRow></entry><entry><logDate>21/11/2011</logDate><dbTable>artist</dbTable><message>Entry added successfully</message><insertId>28</insertId><importRow>2</importRow></entry>','','ArtistImport',NULL),(183,'2011-11-21 17:10:16','<entry><logDate>21/11/2011</logDate><dbTable>salesdata</dbTable><message>Error adding entry: Store does not exist in database</message><insertId>-1</insertId><importRow>0</importRow></entry><entry><logDate>21/11/2011</logDate><dbTable>salesdata</dbTable><message>Entry added successfully</message><insertId>467</insertId><importRow>1</importRow></entry><entry><logDate>21/11/2011</logDate><dbTable>salesdata</dbTable><message>Error adding entry: Store does not exist in database</message><insertId>-1</insertId><importRow>2</importRow></entry>','','SalesImport',NULL),(184,'2011-11-21 17:10:58','<entry><logDate>21/11/2011</logDate><dbTable>salesdata</dbTable><message>Error adding entry: Store does not exist in database</message><insertId>-1</insertId><importRow>0</importRow></entry><entry><logDate>21/11/2011</logDate><dbTable>salesdata</dbTable><message>Entry added successfully</message><insertId>468</insertId><importRow>1</importRow></entry><entry><logDate>21/11/2011</logDate><dbTable>salesdata</dbTable><message>Error adding entry: Store does not exist in database</message><insertId>-1</insertId><importRow>2</importRow></entry>','','SalesImport',NULL),(185,'2011-11-21 17:12:48','<entry><logDate>21/11/2011</logDate><dbTable>artist</dbTable><message>Entry added successfully</message><insertId>29</insertId><importRow>0</importRow></entry><entry><logDate>21/11/2011</logDate><dbTable>artist</dbTable><message>Entry added successfully</message><insertId>30</insertId><importRow>1</importRow></entry><entry><logDate>21/11/2011</logDate><dbTable>artist</dbTable><message>Entry added successfully</message><insertId>31</insertId><importRow>2</importRow></entry>','','ArtistImport',NULL),(186,'2011-11-21 17:12:59','<entry><logDate>21/11/2011</logDate><dbTable>artist</dbTable><message>Entry added successfully</message><insertId>32</insertId><importRow>0</importRow></entry><entry><logDate>21/11/2011</logDate><dbTable>artist</dbTable><message>Entry added successfully</message><insertId>33</insertId><importRow>1</importRow></entry><entry><logDate>21/11/2011</logDate><dbTable>artist</dbTable><message>Entry added successfully</message><insertId>34</insertId><importRow>2</importRow></entry>','','ArtistImport',NULL),(187,'2011-11-21 17:13:27','<entry><logDate>21/11/2011</logDate><dbTable>salesdata</dbTable><message>Error adding entry: Store does not exist in database</message><insertId>-1</insertId><importRow>0</importRow></entry><entry><logDate>21/11/2011</logDate><dbTable>salesdata</dbTable><message>Entry added successfully</message><insertId>469</insertId><importRow>1</importRow></entry><entry><logDate>21/11/2011</logDate><dbTable>salesdata</dbTable><message>Error adding entry: Store does not exist in database</message><insertId>-1</insertId><importRow>2</importRow></entry>','','SalesImport',NULL),(188,'2011-11-21 17:13:41','<entry><logDate>21/11/2011</logDate><dbTable>salesdata</dbTable><message>Error adding entry: Store does not exist in database</message><insertId>-1</insertId><importRow>0</importRow></entry><entry><logDate>21/11/2011</logDate><dbTable>salesdata</dbTable><message>Entry added successfully</message><insertId>470</insertId><importRow>1</importRow></entry><entry><logDate>21/11/2011</logDate><dbTable>salesdata</dbTable><message>Error adding entry: Store does not exist in database</message><insertId>-1</insertId><importRow>2</importRow></entry>','','SalesImport',NULL),(189,'2011-11-21 17:22:35','<entry><logDate>21/11/2011</logDate><dbTable>artist</dbTable><message>Entry added successfully</message><insertId>35</insertId><importRow>0</importRow></entry><entry><logDate>21/11/2011</logDate><dbTable>artist</dbTable><message>Entry added successfully</message><insertId>36</insertId><importRow>1</importRow></entry><entry><logDate>21/11/2011</logDate><dbTable>artist</dbTable><message>Entry added successfully</message><insertId>37</insertId><importRow>2</importRow></entry>','','ArtistImport',NULL),(190,'2011-11-21 17:24:14','<entry><logDate>21/11/2011</logDate><dbTable>salesdata</dbTable><message>Error adding entry: Store does not exist in database</message><insertId>-1</insertId><importRow>0</importRow></entry><entry><logDate>21/11/2011</logDate><dbTable>salesdata</dbTable><message>Entry added successfully</message><insertId>471</insertId><importRow>1</importRow></entry><entry><logDate>21/11/2011</logDate><dbTable>salesdata</dbTable><message>Error adding entry: Store does not exist in database</message><insertId>-1</insertId><importRow>2</importRow></entry>','','SalesImport',NULL),(191,'2011-11-21 17:27:48','<entry><logDate>21/11/2011</logDate><dbTable>salesdata</dbTable><message>Error adding entry: Store does not exist in database</message><insertId>-1</insertId><importRow>0</importRow></entry><entry><logDate>21/11/2011</logDate><dbTable>salesdata</dbTable><message>Entry added successfully</message><insertId>472</insertId><importRow>1</importRow></entry><entry><logDate>21/11/2011</logDate><dbTable>salesdata</dbTable><message>Error adding entry: Store does not exist in database</message><insertId>-1</insertId><importRow>2</importRow></entry>','','SalesImport',NULL),(192,'2011-11-21 17:32:14','','','SalesImport',0),(193,'2011-11-21 17:32:40','<entry><logDate>21/11/2011</logDate><dbTable>salesdata</dbTable><message>Error adding entry: Store does not exist in database</message><insertId>-1</insertId><importRow>0</importRow></entry><entry><logDate>21/11/2011</logDate><dbTable>salesdata</dbTable><message>Entry added successfully</message><insertId>473</insertId><importRow>1</importRow></entry><entry><logDate>21/11/2011</logDate><dbTable>salesdata</dbTable><message>Error adding entry: Store does not exist in database</message><insertId>-1</insertId><importRow>2</importRow></entry>','','SalesImport',0),(194,'2011-11-21 17:33:07','<entry><logDate>21/11/2011</logDate><dbTable>salesdata</dbTable><message>Error adding entry: Store does not exist in database</message><insertId>-1</insertId><importRow>0</importRow></entry><entry><logDate>21/11/2011</logDate><dbTable>salesdata</dbTable><message>Entry added successfully</message><insertId>474</insertId><importRow>1</importRow></entry><entry><logDate>21/11/2011</logDate><dbTable>salesdata</dbTable><message>Error adding entry: Store does not exist in database</message><insertId>-1</insertId><importRow>2</importRow></entry>','','SalesImport',0),(195,'2011-11-21 17:34:04','<entry><logDate>21/11/2011</logDate><dbTable>salesdata</dbTable><message>Error adding entry: Store does not exist in database</message><insertId>-1</insertId><importRow>0</importRow></entry><entry><logDate>21/11/2011</logDate><dbTable>salesdata</dbTable><message>Entry added successfully</message><insertId>475</insertId><importRow>1</importRow></entry><entry><logDate>21/11/2011</logDate><dbTable>salesdata</dbTable><message>Error adding entry: Store does not exist in database</message><insertId>-1</insertId><importRow>2</importRow></entry>','','SalesImport',0),(196,'2011-11-21 17:34:44','<entry><logDate>21/11/2011</logDate><dbTable>salesdata</dbTable><message>Error adding entry: Store does not exist in database</message><insertId>-1</insertId><importRow>0</importRow></entry><entry><logDate>21/11/2011</logDate><dbTable>salesdata</dbTable><message>Entry added successfully</message><insertId>476</insertId><importRow>1</importRow></entry><entry><logDate>21/11/2011</logDate><dbTable>salesdata</dbTable><message>Error adding entry: Store does not exist in database</message><insertId>-1</insertId><importRow>2</importRow></entry>','','SalesImport',0),(197,'2011-11-21 17:34:54','<entry><logDate>21/11/2011</logDate><dbTable>salesdata</dbTable><message>Error adding entry: Store does not exist in database</message><insertId>-1</insertId><importRow>0</importRow></entry><entry><logDate>21/11/2011</logDate><dbTable>salesdata</dbTable><message>Entry added successfully</message><insertId>477</insertId><importRow>1</importRow></entry><entry><logDate>21/11/2011</logDate><dbTable>salesdata</dbTable><message>Error adding entry: Store does not exist in database</message><insertId>-1</insertId><importRow>2</importRow></entry>','','SalesImport',0),(198,'2011-11-21 17:37:13','<entry><logDate>21/11/2011</logDate><dbTable>salesdata</dbTable><message>Error adding entry: Store does not exist in database</message><insertId>-1</insertId><importRow>0</importRow></entry><entry><logDate>21/11/2011</logDate><dbTable>salesdata</dbTable><message>Entry added successfully</message><insertId>478</insertId><importRow>1</importRow></entry><entry><logDate>21/11/2011</logDate><dbTable>salesdata</dbTable><message>Error adding entry: Store does not exist in database</message><insertId>-1</insertId><importRow>2</importRow></entry>','','SalesImport',0),(199,'2011-11-21 17:37:30','<entry><logDate>21/11/2011</logDate><dbTable>salesdata</dbTable><message>Error adding entry: Store does not exist in database</message><insertId>-1</insertId><importRow>0</importRow></entry><entry><logDate>21/11/2011</logDate><dbTable>salesdata</dbTable><message>Entry added successfully</message><insertId>479</insertId><importRow>1</importRow></entry><entry><logDate>21/11/2011</logDate><dbTable>salesdata</dbTable><message>Error adding entry: Store does not exist in database</message><insertId>-1</insertId><importRow>2</importRow></entry>','','SalesImport',0),(200,'2011-11-21 17:40:35','','','SalesImport',0),(201,'2011-11-21 17:41:06','<entry><logDate>21/11/2011</logDate><dbTable>salesdata</dbTable><message>Error adding entry: Store does not exist in database</message><insertId>-1</insertId><importRow>0</importRow></entry><entry><logDate>21/11/2011</logDate><dbTable>salesdata</dbTable><message>Entry added successfully</message><insertId>480</insertId><importRow>1</importRow></entry><entry><logDate>21/11/2011</logDate><dbTable>salesdata</dbTable><message>Error adding entry: Store does not exist in database</message><insertId>-1</insertId><importRow>2</importRow></entry>','','SalesImport',0),(202,'2011-11-21 17:41:20','<entry><logDate>21/11/2011</logDate><dbTable>salesdata</dbTable><message>Error adding entry: Store does not exist in database</message><insertId>-1</insertId><importRow>0</importRow></entry><entry><logDate>21/11/2011</logDate><dbTable>salesdata</dbTable><message>Entry added successfully</message><insertId>481</insertId><importRow>1</importRow></entry><entry><logDate>21/11/2011</logDate><dbTable>salesdata</dbTable><message>Error adding entry: Store does not exist in database</message><insertId>-1</insertId><importRow>2</importRow></entry>','','SalesImport',0),(203,'2011-11-21 17:41:25','<entry><logDate>21/11/2011</logDate><dbTable>salesdata</dbTable><message>Error adding entry: Store does not exist in database</message><insertId>-1</insertId><importRow>0</importRow></entry><entry><logDate>21/11/2011</logDate><dbTable>salesdata</dbTable><message>Entry added successfully</message><insertId>482</insertId><importRow>1</importRow></entry><entry><logDate>21/11/2011</logDate><dbTable>salesdata</dbTable><message>Error adding entry: Store does not exist in database</message><insertId>-1</insertId><importRow>2</importRow></entry>','','SalesImport',0),(204,'2011-11-21 17:42:05','<entry><logDate>21/11/2011</logDate><dbTable>salesdata</dbTable><message>Error adding entry: Store does not exist in database</message><insertId>-1</insertId><importRow>0</importRow></entry><entry><logDate>21/11/2011</logDate><dbTable>salesdata</dbTable><message>Entry added successfully</message><insertId>483</insertId><importRow>1</importRow></entry><entry><logDate>21/11/2011</logDate><dbTable>salesdata</dbTable><message>Error adding entry: Store does not exist in database</message><insertId>-1</insertId><importRow>2</importRow></entry>','','SalesImport',0),(205,'2011-11-21 17:42:52','<entry><logDate>21/11/2011</logDate><dbTable>salesdata</dbTable><message>Error adding entry: Store does not exist in database</message><insertId>-1</insertId><importRow>0</importRow></entry><entry><logDate>21/11/2011</logDate><dbTable>salesdata</dbTable><message>Entry added successfully</message><insertId>484</insertId><importRow>1</importRow></entry><entry><logDate>21/11/2011</logDate><dbTable>salesdata</dbTable><message>Error adding entry: Store does not exist in database</message><insertId>-1</insertId><importRow>2</importRow></entry>','','SalesImport',1),(206,'2011-11-21 17:55:34','<entry><logDate>21/11/2011</logDate><dbTable>salesdata</dbTable><message>Error adding entry: Store does not exist in database</message><insertId>-1</insertId><importRow>0</importRow></entry><entry><logDate>21/11/2011</logDate><dbTable>salesdata</dbTable><message>Entry added successfully</message><insertId>485</insertId><importRow>1</importRow></entry><entry><logDate>21/11/2011</logDate><dbTable>salesdata</dbTable><message>Error adding entry: Store does not exist in database</message><insertId>-1</insertId><importRow>2</importRow></entry>','','SalesImport',1),(207,'2011-11-21 17:56:35','<entry><logDate>21/11/2011</logDate><dbTable>salesdata</dbTable><message>Error adding entry: Store does not exist in database</message><insertId>-1</insertId><importRow>0</importRow></entry><entry><logDate>21/11/2011</logDate><dbTable>salesdata</dbTable><message>Entry added successfully</message><insertId>486</insertId><importRow>1</importRow></entry><entry><logDate>21/11/2011</logDate><dbTable>salesdata</dbTable><message>Error adding entry: Store does not exist in database</message><insertId>-1</insertId><importRow>2</importRow></entry>','','SalesImport',1),(208,'2011-11-21 17:57:22','<entry><logDate>21/11/2011</logDate><dbTable>artist</dbTable><message>Entry added successfully</message><insertId>38</insertId><importRow>0</importRow></entry><entry><logDate>21/11/2011</logDate><dbTable>artist</dbTable><message>Entry added successfully</message><insertId>39</insertId><importRow>1</importRow></entry><entry><logDate>21/11/2011</logDate><dbTable>artist</dbTable><message>Entry added successfully</message><insertId>40</insertId><importRow>2</importRow></entry>','','ArtistImport',0),(209,'2011-11-21 17:58:01','<entry><logDate>21/11/2011</logDate><dbTable>artist</dbTable><message>Entry added successfully</message><insertId>41</insertId><importRow>0</importRow></entry><entry><logDate>21/11/2011</logDate><dbTable>artist</dbTable><message>Entry added successfully</message><insertId>42</insertId><importRow>1</importRow></entry><entry><logDate>21/11/2011</logDate><dbTable>artist</dbTable><message>Entry added successfully</message><insertId>43</insertId><importRow>2</importRow></entry>','','ArtistImport',0),(210,'2011-11-21 17:58:15','<entry><logDate>21/11/2011</logDate><dbTable>artist</dbTable><message>Entry added successfully</message><insertId>44</insertId><importRow>0</importRow></entry><entry><logDate>21/11/2011</logDate><dbTable>artist</dbTable><message>Entry added successfully</message><insertId>45</insertId><importRow>1</importRow></entry><entry><logDate>21/11/2011</logDate><dbTable>artist</dbTable><message>Entry added successfully</message><insertId>46</insertId><importRow>2</importRow></entry>','','ArtistImport',0),(211,'2011-11-21 19:09:32','<entry><logDate>21/11/2011</logDate><dbTable>salesdata</dbTable><message>Error adding entry: Store does not exist in database</message><insertId>-1</insertId><importRow>0</importRow></entry><entry><logDate>21/11/2011</logDate><dbTable>salesdata</dbTable><message>Entry added successfully</message><insertId>487</insertId><importRow>1</importRow></entry><entry><logDate>21/11/2011</logDate><dbTable>salesdata</dbTable><message>Error adding entry: Store does not exist in database</message><insertId>-1</insertId><importRow>2</importRow></entry>','','SalesImport',1),(212,'2011-11-21 19:54:30','<entry><logDate>21/11/2011</logDate><dbTable>product</dbTable><message>Error adding entry: Artist must exist before entering an item attached to it in the database</message><insertId>-1</insertId><importRow>0</importRow></entry><entry><logDate>21/11/2011</logDate><dbTable>product</dbTable><message>Error adding entry: Artist must exist before entering an item attached to it in the database</message><insertId>-1</insertId><importRow>1</importRow></entry><entry><logDate>21/11/2011</logDate><dbTable>product</dbTable><message>Error adding entry: Artist must exist before entering an item attached to it in the database</message><insertId>-1</insertId><importRow>2</importRow></entry><entry><logDate>21/11/2011</logDate><dbTable>product</dbTable><message>Error adding entry: One or more required fields are not completed.</message><insertId>-1</insertId><importRow>3</importRow></entry><entry><logDate>21/11/2011</logDate><dbTable>product</dbTable><message>Error adding entry: One or more required fields are not completed.</message><insertId>-1</insertId><importRow>4</importRow></entry>','','ProductImport',0),(213,'2011-11-21 19:54:44','<entry><logDate>21/11/2011</logDate><dbTable>product</dbTable><message>Error adding entry: Artist must exist before entering an item attached to it in the database</message><insertId>-1</insertId><importRow>0</importRow></entry><entry><logDate>21/11/2011</logDate><dbTable>product</dbTable><message>Error adding entry: Artist must exist before entering an item attached to it in the database</message><insertId>-1</insertId><importRow>1</importRow></entry><entry><logDate>21/11/2011</logDate><dbTable>product</dbTable><message>Error adding entry: Artist must exist before entering an item attached to it in the database</message><insertId>-1</insertId><importRow>2</importRow></entry><entry><logDate>21/11/2011</logDate><dbTable>product</dbTable><message>Error adding entry: One or more required fields are not completed.</message><insertId>-1</insertId><importRow>3</importRow></entry><entry><logDate>21/11/2011</logDate><dbTable>product</dbTable><message>Error adding entry: One or more required fields are not completed.</message><insertId>-1</insertId><importRow>4</importRow></entry>','','ProductImport',0),(214,'2011-11-21 19:58:15','<entry><logDate>21/11/2011</logDate><dbTable>product</dbTable><message>Error adding entry: Artist must exist before entering an item attached to it in the database</message><insertId>-1</insertId><importRow>0</importRow></entry><entry><logDate>21/11/2011</logDate><dbTable>product</dbTable><message>Error adding entry: Artist must exist before entering an item attached to it in the database</message><insertId>-1</insertId><importRow>1</importRow></entry><entry><logDate>21/11/2011</logDate><dbTable>product</dbTable><message>Error adding entry: Artist must exist before entering an item attached to it in the database</message><insertId>-1</insertId><importRow>2</importRow></entry><entry><logDate>21/11/2011</logDate><dbTable>product</dbTable><message>Error adding entry: One or more required fields are not completed.</message><insertId>-1</insertId><importRow>3</importRow></entry><entry><logDate>21/11/2011</logDate><dbTable>product</dbTable><message>Error adding entry: One or more required fields are not completed.</message><insertId>-1</insertId><importRow>4</importRow></entry>','','ProductImport',0),(215,'2011-11-22 15:59:07','<entry><logDate>22/11/2011</logDate><dbTable>salesdata</dbTable><message>Error adding entry: Store does not exist in database</message><insertId>-1</insertId><importRow>0</importRow></entry><entry><logDate>22/11/2011</logDate><dbTable>salesdata</dbTable><message>Entry added successfully</message><insertId>1</insertId><importRow>1</importRow></entry><entry><logDate>22/11/2011</logDate><dbTable>salesdata</dbTable><message>Error adding entry: Store does not exist in database</message><insertId>-1</insertId><importRow>2</importRow></entry>','','SalesImport',1),(216,'2011-11-22 16:03:35','<entry><logDate>22/11/2011</logDate><dbTable>salesdata</dbTable><message>Error adding entry: Store does not exist in database</message><insertId>-1</insertId><importRow>0</importRow></entry><entry><logDate>22/11/2011</logDate><dbTable>salesdata</dbTable><message>Error adding entry: Cannot add or update a child row: a foreign key constraint fails (`sales`.`salesdata`, CONSTRAINT `salesdata_ibfk_1` FOREIGN KEY (`itemId`) REFERENCES `product` (`productId`) ON DELETE CASCADE ON UPDATE CASCADE)</message><insertId>-1</insertId><importRow>1</importRow></entry><entry><logDate>22/11/2011</logDate><dbTable>salesdata</dbTable><message>Error adding entry: Store does not exist in database</message><insertId>-1</insertId><importRow>2</importRow></entry>','','SalesImport',1),(217,'2011-11-22 18:03:23','<entry><logDate>22/11/2011</logDate><dbTable>salesdata</dbTable><message>Entry added successfully</message><insertId>2</insertId><importRow>0</importRow></entry><entry><logDate>22/11/2011</logDate><dbTable>salesdata</dbTable><message>Error adding entry: Cannot add or update a child row: a foreign key constraint fails (`sales`.`salesdata`, CONSTRAINT `salesdata_ibfk_1` FOREIGN KEY (`itemId`) REFERENCES `product` (`productId`) ON DELETE CASCADE ON UPDATE CASCADE)</message><insertId>-1</insertId><importRow>1</importRow></entry><entry><logDate>22/11/2011</logDate><dbTable>salesdata</dbTable><message>Entry added successfully</message><insertId>4</insertId><importRow>2</importRow></entry>','','SalesImport',1),(218,'2011-11-23 10:36:34','<entry><logDate>23/11/2011</logDate><dbTable>salesdata</dbTable><message>Error adding entry: Cannot add or update a child row: a foreign key constraint fails (`sales`.`salesdata`, CONSTRAINT `salesdata_ibfk_1` FOREIGN KEY (`itemId`) REFERENCES `product` (`productId`) ON DELETE CASCADE ON UPDATE CASCADE)</message><insertId>-1</insertId><importRow>0</importRow></entry><entry><logDate>23/11/2011</logDate><dbTable>salesdata</dbTable><message>Entry added successfully</message><insertId>6</insertId><importRow>1</importRow></entry><entry><logDate>23/11/2011</logDate><dbTable>salesdata</dbTable><message>Error adding entry: Cannot add or update a child row: a foreign key constraint fails (`sales`.`salesdata`, CONSTRAINT `salesdata_ibfk_1` FOREIGN KEY (`itemId`) REFERENCES `product` (`productId`) ON DELETE CASCADE ON UPDATE CASCADE)</message><insertId>-1</insertId><importRow>2</importRow></entry>','','SalesImport',1),(219,'2011-12-01 09:41:40','','','ArtistImport',0),(220,'2011-12-01 09:42:38','','','ArtistImport',0),(221,'2011-12-01 09:43:05','','','ArtistImport',0),(222,'2011-12-01 09:43:18','<entry><logDate>01/12/2011</logDate><dbTable>artist</dbTable><message>Entry added successfully</message><insertId>52</insertId><importRow>0</importRow></entry><entry><logDate>01/12/2011</logDate><dbTable>artist</dbTable><message>Entry added successfully</message><insertId>53</insertId><importRow>1</importRow></entry><entry><logDate>01/12/2011</logDate><dbTable>artist</dbTable><message>Entry added successfully</message><insertId>54</insertId><importRow>2</importRow></entry>','','ArtistImport',0),(223,'2011-12-01 09:44:36','<entry><logDate>01/12/2011</logDate><dbTable>artist</dbTable><message>Entry added successfully</message><insertId>55</insertId><importRow>0</importRow></entry><entry><logDate>01/12/2011</logDate><dbTable>artist</dbTable><message>Entry added successfully</message><insertId>56</insertId><importRow>1</importRow></entry><entry><logDate>01/12/2011</logDate><dbTable>artist</dbTable><message>Entry added successfully</message><insertId>57</insertId><importRow>2</importRow></entry><entry><logDate>01/12/2011</logDate><dbTable>artist</dbTable><message>Entry added successfully</message><insertId>58</insertId><importRow>3</importRow></entry><entry><logDate>01/12/2011</logDate><dbTable>artist</dbTable><message>Entry added successfully</message><insertId>59</insertId><importRow>4</importRow></entry>','','ArtistImport',0),(224,'2011-12-01 09:46:19','<entry><logDate>01/12/2011</logDate><dbTable>artist</dbTable><message>Entry added successfully</message><insertId>60</insertId><importRow>0</importRow></entry><entry><logDate>01/12/2011</logDate><dbTable>artist</dbTable><message>Entry added successfully</message><insertId>61</insertId><importRow>1</importRow></entry><entry><logDate>01/12/2011</logDate><dbTable>artist</dbTable><message>Entry added successfully</message><insertId>62</insertId><importRow>2</importRow></entry><entry><logDate>01/12/2011</logDate><dbTable>artist</dbTable><message>Entry added successfully</message><insertId>63</insertId><importRow>3</importRow></entry><entry><logDate>01/12/2011</logDate><dbTable>artist</dbTable><message>Entry added successfully</message><insertId>64</insertId><importRow>4</importRow></entry>','','ArtistImport',0),(225,'2011-12-01 09:49:11','<entry><logDate>01/12/2011</logDate><dbTable>artist</dbTable><message>Entry added successfully</message><insertId>65</insertId><importRow>0</importRow></entry><entry><logDate>01/12/2011</logDate><dbTable>artist</dbTable><message>Entry added successfully</message><insertId>66</insertId><importRow>1</importRow></entry><entry><logDate>01/12/2011</logDate><dbTable>artist</dbTable><message>Entry added successfully</message><insertId>67</insertId><importRow>2</importRow></entry><entry><logDate>01/12/2011</logDate><dbTable>artist</dbTable><message>Entry added successfully</message><insertId>68</insertId><importRow>3</importRow></entry><entry><logDate>01/12/2011</logDate><dbTable>artist</dbTable><message>Entry added successfully</message><insertId>69</insertId><importRow>4</importRow></entry>','','ArtistImport',0),(226,'2011-12-01 09:54:00','<entry><logDate>01/12/2011</logDate><dbTable>artist</dbTable><message>Entry added successfully</message><insertId>70</insertId><importRow>0</importRow></entry><entry><logDate>01/12/2011</logDate><dbTable>artist</dbTable><message>Entry added successfully</message><insertId>71</insertId><importRow>1</importRow></entry><entry><logDate>01/12/2011</logDate><dbTable>artist</dbTable><message>Entry added successfully</message><insertId>72</insertId><importRow>2</importRow></entry><entry><logDate>01/12/2011</logDate><dbTable>artist</dbTable><message>Entry added successfully</message><insertId>73</insertId><importRow>3</importRow></entry><entry><logDate>01/12/2011</logDate><dbTable>artist</dbTable><message>Entry added successfully</message><insertId>74</insertId><importRow>4</importRow></entry>','','ArtistImport',0),(227,'2011-12-01 09:54:54','<entry><logDate>01/12/2011</logDate><dbTable>artist</dbTable><message>Entry added successfully</message><insertId>75</insertId><importRow>0</importRow></entry><entry><logDate>01/12/2011</logDate><dbTable>artist</dbTable><message>Entry added successfully</message><insertId>76</insertId><importRow>1</importRow></entry><entry><logDate>01/12/2011</logDate><dbTable>artist</dbTable><message>Entry added successfully</message><insertId>77</insertId><importRow>2</importRow></entry><entry><logDate>01/12/2011</logDate><dbTable>artist</dbTable><message>Entry added successfully</message><insertId>78</insertId><importRow>3</importRow></entry><entry><logDate>01/12/2011</logDate><dbTable>artist</dbTable><message>Entry added successfully</message><insertId>79</insertId><importRow>4</importRow></entry>','','ArtistImport',0),(228,'2011-12-01 10:07:01','<entry><logDate>01/12/2011</logDate><dbTable>product</dbTable><message>Entry added successfully</message><insertId>29</insertId><importRow>0</importRow></entry><entry><logDate>01/12/2011</logDate><dbTable>product</dbTable><message>Entry added successfully</message><insertId>30</insertId><importRow>1</importRow></entry><entry><logDate>01/12/2011</logDate><dbTable>product</dbTable><message>Entry added successfully</message><insertId>31</insertId><importRow>2</importRow></entry><entry><logDate>01/12/2011</logDate><dbTable>product</dbTable><message>Entry added successfully</message><insertId>32</insertId><importRow>3</importRow></entry><entry><logDate>01/12/2011</logDate><dbTable>product</dbTable><message>Entry added successfully</message><insertId>33</insertId><importRow>4</importRow></entry><entry><logDate>01/12/2011</logDate><dbTable>product</dbTable><message>Entry added successfully</message><insertId>34</insertId><importRow>5</importRow></entry><entry><logDate>01/12/2011</logDate><dbTable>product</dbTable><message>Entry added successfully</message><insertId>35</insertId><importRow>6</importRow></entry><entry><logDate>01/12/2011</logDate><dbTable>product</dbTable><message>Error adding entry: Genre must exist before entering an item attached to it in the database</message><insertId>-1</insertId><importRow>7</importRow></entry><entry><logDate>01/12/2011</logDate><dbTable>product</dbTable><message>Error adding entry: Artist must exist before entering an item attached to it in the database</message><insertId>-1</insertId><importRow>8</importRow></entry>','','ProductImport',0),(229,'2011-12-01 11:00:13','<entry><logDate>01/12/2011</logDate><dbTable>product</dbTable><message>Entry added successfully</message><insertId>36</insertId><importRow>0</importRow></entry><entry><logDate>01/12/2011</logDate><dbTable>product</dbTable><message>Entry added successfully</message><insertId>37</insertId><importRow>1</importRow></entry><entry><logDate>01/12/2011</logDate><dbTable>product</dbTable><message>Entry added successfully</message><insertId>38</insertId><importRow>2</importRow></entry><entry><logDate>01/12/2011</logDate><dbTable>product</dbTable><message>Entry added successfully</message><insertId>39</insertId><importRow>3</importRow></entry><entry><logDate>01/12/2011</logDate><dbTable>product</dbTable><message>Entry added successfully</message><insertId>40</insertId><importRow>4</importRow></entry><entry><logDate>01/12/2011</logDate><dbTable>product</dbTable><message>Entry added successfully</message><insertId>41</insertId><importRow>5</importRow></entry><entry><logDate>01/12/2011</logDate><dbTable>product</dbTable><message>Entry added successfully</message><insertId>42</insertId><importRow>6</importRow></entry><entry><logDate>01/12/2011</logDate><dbTable>product</dbTable><message>Error adding entry: Genre must exist before entering an item attached to it in the database</message><insertId>-1</insertId><importRow>7</importRow></entry><entry><logDate>01/12/2011</logDate><dbTable>product</dbTable><message>Error adding entry: Artist must exist before entering an item attached to it in the database</message><insertId>-1</insertId><importRow>8</importRow></entry>','','ProductImport',0),(230,'2011-12-01 11:02:38','<entry><logDate>01/12/2011</logDate><dbTable>product</dbTable><message>Entry added successfully</message><insertId>43</insertId><importRow>0</importRow></entry><entry><logDate>01/12/2011</logDate><dbTable>product</dbTable><message>Entry added successfully</message><insertId>44</insertId><importRow>1</importRow></entry><entry><logDate>01/12/2011</logDate><dbTable>product</dbTable><message>Entry added successfully</message><insertId>45</insertId><importRow>2</importRow></entry><entry><logDate>01/12/2011</logDate><dbTable>product</dbTable><message>Entry added successfully</message><insertId>46</insertId><importRow>3</importRow></entry><entry><logDate>01/12/2011</logDate><dbTable>product</dbTable><message>Entry added successfully</message><insertId>47</insertId><importRow>4</importRow></entry><entry><logDate>01/12/2011</logDate><dbTable>product</dbTable><message>Entry added successfully</message><insertId>48</insertId><importRow>5</importRow></entry><entry><logDate>01/12/2011</logDate><dbTable>product</dbTable><message>Entry added successfully</message><insertId>49</insertId><importRow>6</importRow></entry><entry><logDate>01/12/2011</logDate><dbTable>product</dbTable><message>Error adding entry: Genre must exist before entering an item attached to it in the database</message><insertId>-1</insertId><importRow>7</importRow></entry><entry><logDate>01/12/2011</logDate><dbTable>product</dbTable><message>Error adding entry: Artist must exist before entering an item attached to it in the database</message><insertId>-1</insertId><importRow>8</importRow></entry>','','ProductImport',0),(231,'2011-12-01 11:05:55','<entry><logDate>01/12/2011</logDate><dbTable>product</dbTable><message>Error adding entry: Artist must exist before entering an item attached to it in the database</message><insertId>-1</insertId><importRow>0</importRow></entry><entry><logDate>01/12/2011</logDate><dbTable>product</dbTable><message>Error adding entry: Artist must exist before entering an item attached to it in the database</message><insertId>-1</insertId><importRow>1</importRow></entry><entry><logDate>01/12/2011</logDate><dbTable>product</dbTable><message>Error adding entry: Artist must exist before entering an item attached to it in the database</message><insertId>-1</insertId><importRow>2</importRow></entry><entry><logDate>01/12/2011</logDate><dbTable>product</dbTable><message>Error adding entry: Artist must exist before entering an item attached to it in the database</message><insertId>-1</insertId><importRow>3</importRow></entry><entry><logDate>01/12/2011</logDate><dbTable>product</dbTable><message>Error adding entry: Artist must exist before entering an item attached to it in the database</message><insertId>-1</insertId><importRow>4</importRow></entry><entry><logDate>01/12/2011</logDate><dbTable>product</dbTable><message>Error adding entry: Artist must exist before entering an item attached to it in the database</message><insertId>-1</insertId><importRow>5</importRow></entry><entry><logDate>01/12/2011</logDate><dbTable>product</dbTable><message>Error adding entry: Artist must exist before entering an item attached to it in the database</message><insertId>-1</insertId><importRow>6</importRow></entry><entry><logDate>01/12/2011</logDate><dbTable>product</dbTable><message>Error adding entry: Artist must exist before entering an item attached to it in the database</message><insertId>-1</insertId><importRow>7</importRow></entry><entry><logDate>01/12/2011</logDate><dbTable>product</dbTable><message>Error adding entry: Artist must exist before entering an item attached to it in the database</message><insertId>-1</insertId><importRow>8</importRow></entry>','','ProductImport',0),(232,'2011-12-01 11:06:21','<entry><logDate>01/12/2011</logDate><dbTable>artist</dbTable><message>Entry added successfully</message><insertId>80</insertId><importRow>0</importRow></entry><entry><logDate>01/12/2011</logDate><dbTable>artist</dbTable><message>Entry added successfully</message><insertId>81</insertId><importRow>1</importRow></entry><entry><logDate>01/12/2011</logDate><dbTable>artist</dbTable><message>Entry added successfully</message><insertId>82</insertId><importRow>2</importRow></entry><entry><logDate>01/12/2011</logDate><dbTable>artist</dbTable><message>Entry added successfully</message><insertId>83</insertId><importRow>3</importRow></entry><entry><logDate>01/12/2011</logDate><dbTable>artist</dbTable><message>Entry added successfully</message><insertId>84</insertId><importRow>4</importRow></entry>','','ArtistImport',0),(233,'2011-12-01 11:06:58','<entry><logDate>01/12/2011</logDate><dbTable>product</dbTable><message>Entry added successfully</message><insertId>50</insertId><importRow>0</importRow></entry><entry><logDate>01/12/2011</logDate><dbTable>product</dbTable><message>Entry added successfully</message><insertId>51</insertId><importRow>1</importRow></entry><entry><logDate>01/12/2011</logDate><dbTable>product</dbTable><message>Entry added successfully</message><insertId>52</insertId><importRow>2</importRow></entry><entry><logDate>01/12/2011</logDate><dbTable>product</dbTable><message>Entry added successfully</message><insertId>53</insertId><importRow>3</importRow></entry><entry><logDate>01/12/2011</logDate><dbTable>product</dbTable><message>Entry added successfully</message><insertId>54</insertId><importRow>4</importRow></entry><entry><logDate>01/12/2011</logDate><dbTable>product</dbTable><message>Entry added successfully</message><insertId>55</insertId><importRow>5</importRow></entry><entry><logDate>01/12/2011</logDate><dbTable>product</dbTable><message>Error adding entry: Artist must exist before entering an item attached to it in the database</message><insertId>-1</insertId><importRow>6</importRow></entry><entry><logDate>01/12/2011</logDate><dbTable>product</dbTable><message>Error adding entry: Artist must exist before entering an item attached to it in the database</message><insertId>-1</insertId><importRow>7</importRow></entry><entry><logDate>01/12/2011</logDate><dbTable>product</dbTable><message>Error adding entry: Artist must exist before entering an item attached to it in the database</message><insertId>-1</insertId><importRow>8</importRow></entry>','','ProductImport',0),(234,'2011-12-01 11:08:29','<entry><logDate>01/12/2011</logDate><dbTable>salesdata</dbTable><message>Entry added successfully</message><insertId>7</insertId><importRow>0</importRow></entry><entry><logDate>01/12/2011</logDate><dbTable>salesdata</dbTable><message>Entry added successfully</message><insertId>8</insertId><importRow>1</importRow></entry><entry><logDate>01/12/2011</logDate><dbTable>salesdata</dbTable><message>Entry added successfully</message><insertId>9</insertId><importRow>2</importRow></entry><entry><logDate>01/12/2011</logDate><dbTable>salesdata</dbTable><message>Entry added successfully</message><insertId>10</insertId><importRow>3</importRow></entry><entry><logDate>01/12/2011</logDate><dbTable>salesdata</dbTable><message>Error adding entry: Store does not exist in database</message><insertId>-1</insertId><importRow>4</importRow></entry>','','SalesImport',1),(235,'2011-12-01 11:46:37','<entry><logDate>01/12/2011</logDate><dbTable>salesdata</dbTable><message>Entry added successfully</message><insertId>11</insertId><importRow>0</importRow></entry><entry><logDate>01/12/2011</logDate><dbTable>salesdata</dbTable><message>Entry added successfully</message><insertId>12</insertId><importRow>1</importRow></entry><entry><logDate>01/12/2011</logDate><dbTable>salesdata</dbTable><message>Entry added successfully</message><insertId>13</insertId><importRow>2</importRow></entry><entry><logDate>01/12/2011</logDate><dbTable>salesdata</dbTable><message>Entry added successfully</message><insertId>14</insertId><importRow>3</importRow></entry><entry><logDate>01/12/2011</logDate><dbTable>salesdata</dbTable><message>Error adding entry: Store does not exist in database</message><insertId>-1</insertId><importRow>4</importRow></entry>','','SalesImport',1),(236,'2011-12-01 14:11:08','<entry><logDate>01/12/2011</logDate><dbTable>salesdata</dbTable><message>Entry added successfully</message><insertId>15</insertId><importRow>0</importRow></entry><entry><logDate>01/12/2011</logDate><dbTable>salesdata</dbTable><message>Entry added successfully</message><insertId>16</insertId><importRow>1</importRow></entry><entry><logDate>01/12/2011</logDate><dbTable>salesdata</dbTable><message>Entry added successfully</message><insertId>17</insertId><importRow>2</importRow></entry><entry><logDate>01/12/2011</logDate><dbTable>salesdata</dbTable><message>Entry added successfully</message><insertId>18</insertId><importRow>3</importRow></entry><entry><logDate>01/12/2011</logDate><dbTable>salesdata</dbTable><message>Error adding entry: Store does not exist in database</message><insertId>-1</insertId><importRow>4</importRow></entry>','','SalesImport',1),(237,'2011-12-01 14:35:03','<entry><logDate>01/12/2011</logDate><dbTable>salesdata</dbTable><message>Entry added successfully</message><insertId>19</insertId><importRow>0</importRow></entry><entry><logDate>01/12/2011</logDate><dbTable>salesdata</dbTable><message>Entry added successfully</message><insertId>20</insertId><importRow>1</importRow></entry><entry><logDate>01/12/2011</logDate><dbTable>salesdata</dbTable><message>Entry added successfully</message><insertId>21</insertId><importRow>2</importRow></entry><entry><logDate>01/12/2011</logDate><dbTable>salesdata</dbTable><message>Entry added successfully</message><insertId>22</insertId><importRow>3</importRow></entry><entry><logDate>01/12/2011</logDate><dbTable>salesdata</dbTable><message>Error adding entry: Store does not exist in database</message><insertId>-1</insertId><importRow>4</importRow></entry>','','SalesImport',1),(238,'2012-02-14 18:20:02','<entry><logDate>14/02/2012</logDate><dbTable>artist</dbTable><message>Entry added successfully</message><insertId>85</insertId><importRow>0</importRow></entry><entry><logDate>14/02/2012</logDate><dbTable>artist</dbTable><message>Entry added successfully</message><insertId>86</insertId><importRow>1</importRow></entry><entry><logDate>14/02/2012</logDate><dbTable>artist</dbTable><message>Entry added successfully</message><insertId>87</insertId><importRow>2</importRow></entry><entry><logDate>14/02/2012</logDate><dbTable>artist</dbTable><message>Entry added successfully</message><insertId>88</insertId><importRow>3</importRow></entry><entry><logDate>14/02/2012</logDate><dbTable>artist</dbTable><message>Entry added successfully</message><insertId>89</insertId><importRow>4</importRow></entry>','','ArtistImport',0),(239,'2012-02-14 19:08:16','<entry><logDate>14/02/2012</logDate><dbTable>salesdata</dbTable><message>Error adding entry: You have an error in your SQL syntax; check the manual that corresponds to your MySQL server version for the right syntax to use near \'=RANDBETWEEN(50, 67),	\r\n					\'=RANDBETWEEN(0, 15)\',					\r\n					\'J@test.com\')\' at line 5</message><insertId>-1</insertId><importRow>0</importRow></entry><entry><logDate>14/02/2012</logDate><dbTable>salesdata</dbTable><message>Error adding entry: You have an error in your SQL syntax; check the manual that corresponds to your MySQL server version for the right syntax to use near \'=RANDBETWEEN(50, 67),	\r\n					\'=RANDBETWEEN(0, 15)\',					\r\n					\'Z@amazonco.co.uk\' at line 5</message><insertId>-1</insertId><importRow>1</importRow></entry><entry><logDate>14/02/2012</logDate><dbTable>salesdata</dbTable><message>Error adding entry: You have an error in your SQL syntax; check the manual that corresponds to your MySQL server version for the right syntax to use near \'=RANDBETWEEN(50, 67),	\r\n					\'=RANDBETWEEN(0, 15)\',					\r\n					\'bill@microsoft.c\' at line 5</message><insertId>-1</insertId><importRow>2</importRow></entry><entry><logDate>14/02/2012</logDate><dbTable>salesdata</dbTable><message>Error adding entry: You have an error in your SQL syntax; check the manual that corresponds to your MySQL server version for the right syntax to use near \'=RANDBETWEEN(50, 67),	\r\n					\'=RANDBETWEEN(0, 15)\',					\r\n					\'\')\' at line 5</message><insertId>-1</insertId><importRow>3</importRow></entry><entry><logDate>14/02/2012</logDate><dbTable>salesdata</dbTable><message>Error adding entry: You have an error in your SQL syntax; check the manual that corresponds to your MySQL server version for the right syntax to use near \'=RANDBETWEEN(50, 67),	\r\n					\'=RANDBETWEEN(0, 15)\',					\r\n					\'mf111@hw.ac.uk\')\' at line 5</message><insertId>-1</insertId><importRow>4</importRow></entry><entry><logDate>14/02/2012</logDate><dbTable>salesdata</dbTable><message>Error adding entry: You have an error in your SQL syntax; check the manual that corresponds to your MySQL server version for the right syntax to use near \'=RANDBETWEEN(50, 67),	\r\n					\'=RANDBETWEEN(0, 15)\',					\r\n					\'\')\' at line 5</message><insertId>-1</insertId><importRow>5</importRow></entry><entry><logDate>14/02/2012</logDate><dbTable>salesdata</dbTable><message>Error adding entry: You have an error in your SQL syntax; check the manual that corresponds to your MySQL server version for the right syntax to use near \'=RANDBETWEEN(50, 67),	\r\n					\'=RANDBETWEEN(0, 15)\',					\r\n					\'mf111@hw.ac.uk\')\' at line 5</message><insertId>-1</insertId><importRow>6</importRow></entry><entry><logDate>14/02/2012</logDate><dbTable>salesdata</dbTable><message>Error adding entry: You have an error in your SQL syntax; check the manual that corresponds to your MySQL server version for the right syntax to use near \'=RANDBETWEEN(50, 67),	\r\n					\'=RANDBETWEEN(0, 15)\',					\r\n					\'\')\' at line 5</message><insertId>-1</insertId><importRow>7</importRow></entry><entry><logDate>14/02/2012</logDate><dbTable>salesdata</dbTable><message>Error adding entry: You have an error in your SQL syntax; check the manual that corresponds to your MySQL server version for the right syntax to use near \'=RANDBETWEEN(50, 67),	\r\n					\'=RANDBETWEEN(0, 15)\',					\r\n					\'ANCustomer@test.\' at line 5</message><insertId>-1</insertId><importRow>8</importRow></entry><entry><logDate>14/02/2012</logDate><dbTable>salesdata</dbTable><message>Error adding entry: You have an error in your SQL syntax; check the manual that corresponds to your MySQL server version for the right syntax to use near \'=RANDBETWEEN(50, 67),	\r\n					\'=RANDBETWEEN(0, 15)\',					\r\n					\'ANCustomer@test.\' at line 5</message><insertId>-1</insertId><importRow>9</importRow></entry><entry><logDate>14/02/2012</logDate><dbTable>salesdata</dbTable><message>Error adding entry: You have an error in your SQL syntax; check the manual that corresponds to your MySQL server version for the right syntax to use near \'=RANDBETWEEN(50, 67),	\r\n					\'=RANDBETWEEN(0, 15)\',					\r\n					\'mf111@hw.ac.uk\')\' at line 5</message><insertId>-1</insertId><importRow>10</importRow></entry><entry><logDate>14/02/2012</logDate><dbTable>salesdata</dbTable><message>Error adding entry: You have an error in your SQL syntax; check the manual that corresponds to your MySQL server version for the right syntax to use near \'=RANDBETWEEN(50, 67),	\r\n					\'=RANDBETWEEN(0, 15)\',					\r\n					\'James@canon.com\'\' at line 5</message><insertId>-1</insertId><importRow>11</importRow></entry><entry><logDate>14/02/2012</logDate><dbTable>salesdata</dbTable><message>Error adding entry: You have an error in your SQL syntax; check the manual that corresponds to your MySQL server version for the right syntax to use near \'=RANDBETWEEN(50, 67),	\r\n					\'=RANDBETWEEN(0, 15)\',					\r\n					\'James@canon.com\'\' at line 5</message><insertId>-1</insertId><importRow>12</importRow></entry><entry><logDate>14/02/2012</logDate><dbTable>salesdata</dbTable><message>Error adding entry: You have an error in your SQL syntax; check the manual that corresponds to your MySQL server version for the right syntax to use near \'=RANDBETWEEN(50, 67),	\r\n					\'=RANDBETWEEN(0, 15)\',					\r\n					\'\')\' at line 5</message><insertId>-1</insertId><importRow>13</importRow></entry><entry><logDate>14/02/2012</logDate><dbTable>salesdata</dbTable><message>Error adding entry: You have an error in your SQL syntax; check the manual that corresponds to your MySQL server version for the right syntax to use near \'=RANDBETWEEN(50, 67),	\r\n					\'=RANDBETWEEN(0, 15)\',					\r\n					\'Karl@gmail.co.uk\' at line 5</message><insertId>-1</insertId><importRow>14</importRow></entry><entry><logDate>14/02/2012</logDate><dbTable>salesdata</dbTable><message>Error adding entry: You have an error in your SQL syntax; check the manual that corresponds to your MySQL server version for the right syntax to use near \'=RANDBETWEEN(50, 67),	\r\n					\'=RANDBETWEEN(0, 15)\',					\r\n					\'Karl@gmail.co.uk\' at line 5</message><insertId>-1</insertId><importRow>15</importRow></entry><entry><logDate>14/02/2012</logDate><dbTable>salesdata</dbTable><message>Error adding entry: You have an error in your SQL syntax; check the manual that corresponds to your MySQL server version for the right syntax to use near \'=RANDBETWEEN(50, 67),	\r\n					\'=RANDBETWEEN(0, 15)\',					\r\n					\'Karl@gmail.co.uk\' at line 5</message><insertId>-1</insertId><importRow>16</importRow></entry><entry><logDate>14/02/2012</logDate><dbTable>salesdata</dbTable><message>Error adding entry: You have an error in your SQL syntax; check the manual that corresponds to your MySQL server version for the right syntax to use near \'=RANDBETWEEN(50, 67),	\r\n					\'=RANDBETWEEN(0, 15)\',					\r\n					\'\')\' at line 5</message><insertId>-1</insertId><importRow>17</importRow></entry><entry><logDate>14/02/2012</logDate><dbTable>salesdata</dbTable><message>Error adding entry: You have an error in your SQL syntax; check the manual that corresponds to your MySQL server version for the right syntax to use near \'=RANDBETWEEN(50, 67),	\r\n					\'=RANDBETWEEN(0, 15)\',					\r\n					\'azt124@yahoo.co.\' at line 5</message><insertId>-1</insertId><importRow>18</importRow></entry><entry><logDate>14/02/2012</logDate><dbTable>salesdata</dbTable><message>Error adding entry: You have an error in your SQL syntax; check the manual that corresponds to your MySQL server version for the right syntax to use near \'=RANDBETWEEN(50, 67),	\r\n					\'=RANDBETWEEN(0, 15)\',					\r\n					\'\')\' at line 5</message><insertId>-1</insertId><importRow>19</importRow></entry><entry><logDate>14/02/2012</logDate><dbTable>salesdata</dbTable><message>Error adding entry: You have an error in your SQL syntax; check the manual that corresponds to your MySQL server version for the right syntax to use near \'=RANDBETWEEN(50, 67),	\r\n					\'=RANDBETWEEN(0, 15)\',					\r\n					\'\')\' at line 5</message><insertId>-1</insertId><importRow>20</importRow></entry><entry><logDate>14/02/2012</logDate><dbTable>salesdata</dbTable><message>Error adding entry: You have an error in your SQL syntax; check the manual that corresponds to your MySQL server version for the right syntax to use near \'=RANDBETWEEN(50, 67),	\r\n					\'=RANDBETWEEN(0, 15)\',					\r\n					\'Karl@gmail.co.uk\' at line 5</message><insertId>-1</insertId><importRow>21</importRow></entry><entry><logDate>14/02/2012</logDate><dbTable>salesdata</dbTable><message>Error adding entry: You have an error in your SQL syntax; check the manual that corresponds to your MySQL server version for the right syntax to use near \'=RANDBETWEEN(50, 67),	\r\n					\'=RANDBETWEEN(0, 15)\',					\r\n					\'\')\' at line 5</message><insertId>-1</insertId><importRow>22</importRow></entry><entry><logDate>14/02/2012</logDate><dbTable>salesdata</dbTable><message>Error adding entry: You have an error in your SQL syntax; check the manual that corresponds to your MySQL server version for the right syntax to use near \'=RANDBETWEEN(50, 67),	\r\n					\'=RANDBETWEEN(0, 15)\',					\r\n					\'azt124@yahoo.co.\' at line 5</message><insertId>-1</insertId><importRow>23</importRow></entry><entry><logDate>14/02/2012</logDate><dbTable>salesdata</dbTable><message>Error adding entry: You have an error in your SQL syntax; check the manual that corresponds to your MySQL server version for the right syntax to use near \'=RANDBETWEEN(50, 67),	\r\n					\'=RANDBETWEEN(0, 15)\',					\r\n					\'azt124@yahoo.co.\' at line 5</message><insertId>-1</insertId><importRow>24</importRow></entry><entry><logDate>14/02/2012</logDate><dbTable>salesdata</dbTable><message>Error adding entry: You have an error in your SQL syntax; check the manual that corresponds to your MySQL server version for the right syntax to use near \'=RANDBETWEEN(50, 67),	\r\n					\'=RANDBETWEEN(0, 15)\',					\r\n					\'bill@microsoft.c\' at line 5</message><insertId>-1</insertId><importRow>25</importRow></entry><entry><logDate>14/02/2012</logDate><dbTable>salesdata</dbTable><message>Error adding entry: You have an error in your SQL syntax; check the manual that corresponds to your MySQL server version for the right syntax to use near \'=RANDBETWEEN(50, 67),	\r\n					\'=RANDBETWEEN(0, 15)\',					\r\n					\'\')\' at line 5</message><insertId>-1</insertId><importRow>26</importRow></entry><entry><logDate>14/02/2012</logDate><dbTable>salesdata</dbTable><message>Error adding entry: You have an error in your SQL syntax; check the manual that corresponds to your MySQL server version for the right syntax to use near \'=RANDBETWEEN(50, 67),	\r\n					\'=RANDBETWEEN(0, 15)\',					\r\n					\'\')\' at line 5</message><insertId>-1</insertId><importRow>27</importRow></entry><entry><logDate>14/02/2012</logDate><dbTable>salesdata</dbTable><message>Error adding entry: You have an error in your SQL syntax; check the manual that corresponds to your MySQL server version for the right syntax to use near \'=RANDBETWEEN(50, 67),	\r\n					\'=RANDBETWEEN(0, 15)\',					\r\n					\'\')\' at line 5</message><insertId>-1</insertId><importRow>28</importRow></entry><entry><logDate>14/02/2012</logDate><dbTable>salesdata</dbTable><message>Error adding entry: You have an error in your SQL syntax; check the manual that corresponds to your MySQL server version for the right syntax to use near \'=RANDBETWEEN(50, 67),	\r\n					\'=RANDBETWEEN(0, 15)\',					\r\n					\'frank@cfg.biz\')\' at line 5</message><insertId>-1</insertId><importRow>29</importRow></entry><entry><logDate>14/02/2012</logDate><dbTable>salesdata</dbTable><message>Error adding entry: You have an error in your SQL syntax; check the manual that corresponds to your MySQL server version for the right syntax to use near \'=RANDBETWEEN(50, 67),	\r\n					\'=RANDBETWEEN(0, 15)\',					\r\n					\'frank@cfg.biz\')\' at line 5</message><insertId>-1</insertId><importRow>30</importRow></entry><entry><logDate>14/02/2012</logDate><dbTable>salesdata</dbTable><message>Error adding entry: You have an error in your SQL syntax; check the manual that corresponds to your MySQL server version for the right syntax to use near \'=RANDBETWEEN(50, 67),	\r\n					\'=RANDBETWEEN(0, 15)\',					\r\n					\'\')\' at line 5</message><insertId>-1</insertId><importRow>31</importRow></entry><entry><logDate>14/02/2012</logDate><dbTable>salesdata</dbTable><message>Error adding entry: You have an error in your SQL syntax; check the manual that corresponds to your MySQL server version for the right syntax to use near \'=RANDBETWEEN(50, 67),	\r\n					\'=RANDBETWEEN(0, 15)\',					\r\n					\'\')\' at line 5</message><insertId>-1</insertId><importRow>32</importRow></entry><entry><logDate>14/02/2012</logDate><dbTable>salesdata</dbTable><message>Error adding entry: You have an error in your SQL syntax; check the manual that corresponds to your MySQL server version for the right syntax to use near \'=RANDBETWEEN(50, 67),	\r\n					\'=RANDBETWEEN(0, 15)\',					\r\n					\'bill@microsoft.c\' at line 5</message><insertId>-1</insertId><importRow>33</importRow></entry><entry><logDate>14/02/2012</logDate><dbTable>salesdata</dbTable><message>Error adding entry: You have an error in your SQL syntax; check the manual that corresponds to your MySQL server version for the right syntax to use near \'=RANDBETWEEN(50, 67),	\r\n					\'=RANDBETWEEN(0, 15)\',					\r\n					\'\')\' at line 5</message><insertId>-1</insertId><importRow>34</importRow></entry><entry><logDate>14/02/2012</logDate><dbTable>salesdata</dbTable><message>Error adding entry: You have an error in your SQL syntax; check the manual that corresponds to your MySQL server version for the right syntax to use near \'=RANDBETWEEN(50, 67),	\r\n					\'=RANDBETWEEN(0, 15)\',					\r\n					\'\')\' at line 5</message><insertId>-1</insertId><importRow>35</importRow></entry><entry><logDate>14/02/2012</logDate><dbTable>salesdata</dbTable><message>Error adding entry: You have an error in your SQL syntax; check the manual that corresponds to your MySQL server version for the right syntax to use near \'=RANDBETWEEN(50, 67),	\r\n					\'=RANDBETWEEN(0, 15)\',					\r\n					\'\')\' at line 5</message><insertId>-1</insertId><importRow>36</importRow></entry><entry><logDate>14/02/2012</logDate><dbTable>salesdata</dbTable><message>Error adding entry: You have an error in your SQL syntax; check the manual that corresponds to your MySQL server version for the right syntax to use near \'=RANDBETWEEN(50, 67),	\r\n					\'=RANDBETWEEN(0, 15)\',					\r\n					\'mf111@hw.ac.uk\')\' at line 5</message><insertId>-1</insertId><importRow>37</importRow></entry><entry><logDate>14/02/2012</logDate><dbTable>salesdata</dbTable><message>Error adding entry: You have an error in your SQL syntax; check the manual that corresponds to your MySQL server version for the right syntax to use near \'=RANDBETWEEN(50, 67),	\r\n					\'=RANDBETWEEN(0, 15)\',					\r\n					\'\')\' at line 5</message><insertId>-1</insertId><importRow>38</importRow></entry><entry><logDate>14/02/2012</logDate><dbTable>salesdata</dbTable><message>Error adding entry: You have an error in your SQL syntax; check the manual that corresponds to your MySQL server version for the right syntax to use near \'=RANDBETWEEN(50, 67),	\r\n					\'=RANDBETWEEN(0, 15)\',					\r\n					\'\')\' at line 5</message><insertId>-1</insertId><importRow>39</importRow></entry><entry><logDate>14/02/2012</logDate><dbTable>salesdata</dbTable><message>Error adding entry: You have an error in your SQL syntax; check the manual that corresponds to your MySQL server version for the right syntax to use near \'=RANDBETWEEN(50, 67),	\r\n					\'=RANDBETWEEN(0, 15)\',					\r\n					\'Z@amazonco.co.uk\' at line 5</message><insertId>-1</insertId><importRow>40</importRow></entry><entry><logDate>14/02/2012</logDate><dbTable>salesdata</dbTable><message>Error adding entry: You have an error in your SQL syntax; check the manual that corresponds to your MySQL server version for the right syntax to use near \'=RANDBETWEEN(50, 67),	\r\n					\'=RANDBETWEEN(0, 15)\',					\r\n					\'Z@amazonco.co.uk\' at line 5</message><insertId>-1</insertId><importRow>41</importRow></entry><entry><logDate>14/02/2012</logDate><dbTable>salesdata</dbTable><message>Error adding entry: You have an error in your SQL syntax; check the manual that corresponds to your MySQL server version for the right syntax to use near \'=RANDBETWEEN(50, 67),	\r\n					\'=RANDBETWEEN(0, 15)\',					\r\n					\'Z@amazonco.co.uk\' at line 5</message><insertId>-1</insertId><importRow>42</importRow></entry><entry><logDate>14/02/2012</logDate><dbTable>salesdata</dbTable><message>Error adding entry: You have an error in your SQL syntax; check the manual that corresponds to your MySQL server version for the right syntax to use near \'=RANDBETWEEN(50, 67),	\r\n					\'=RANDBETWEEN(0, 15)\',					\r\n					\'bill@microsoft.c\' at line 5</message><insertId>-1</insertId><importRow>43</importRow></entry><entry><logDate>14/02/2012</logDate><dbTable>salesdata</dbTable><message>Error adding entry: You have an error in your SQL syntax; check the manual that corresponds to your MySQL server version for the right syntax to use near \'=RANDBETWEEN(50, 67),	\r\n					\'=RANDBETWEEN(0, 15)\',					\r\n					\'\')\' at line 5</message><insertId>-1</insertId><importRow>44</importRow></entry><entry><logDate>14/02/2012</logDate><dbTable>salesdata</dbTable><message>Error adding entry: You have an error in your SQL syntax; check the manual that corresponds to your MySQL server version for the right syntax to use near \'=RANDBETWEEN(50, 67),	\r\n					\'=RANDBETWEEN(0, 15)\',					\r\n					\'\')\' at line 5</message><insertId>-1</insertId><importRow>45</importRow></entry><entry><logDate>14/02/2012</logDate><dbTable>salesdata</dbTable><message>Error adding entry: You have an error in your SQL syntax; check the manual that corresponds to your MySQL server version for the right syntax to use near \'=RANDBETWEEN(50, 67),	\r\n					\'=RANDBETWEEN(0, 15)\',					\r\n					\'bill@microsoft.c\' at line 5</message><insertId>-1</insertId><importRow>46</importRow></entry><entry><logDate>14/02/2012</logDate><dbTable>salesdata</dbTable><message>Error adding entry: You have an error in your SQL syntax; check the manual that corresponds to your MySQL server version for the right syntax to use near \'=RANDBETWEEN(50, 67),	\r\n					\'=RANDBETWEEN(0, 15)\',					\r\n					\'\')\' at line 5</message><insertId>-1</insertId><importRow>47</importRow></entry><entry><logDate>14/02/2012</logDate><dbTable>salesdata</dbTable><message>Error adding entry: You have an error in your SQL syntax; check the manual that corresponds to your MySQL server version for the right syntax to use near \'=RANDBETWEEN(50, 67),	\r\n					\'=RANDBETWEEN(0, 15)\',					\r\n					\'\')\' at line 5</message><insertId>-1</insertId><importRow>48</importRow></entry><entry><logDate>14/02/2012</logDate><dbTable>salesdata</dbTable><message>Error adding entry: You have an error in your SQL syntax; check the manual that corresponds to your MySQL server version for the right syntax to use near \'=RANDBETWEEN(50, 67),	\r\n					\'=RANDBETWEEN(0, 15)\',					\r\n					\'\')\' at line 5</message><insertId>-1</insertId><importRow>49</importRow></entry><entry><logDate>14/02/2012</logDate><dbTable>salesdata</dbTable><message>Error adding entry: You have an error in your SQL syntax; check the manual that corresponds to your MySQL server version for the right syntax to use near \'=RANDBETWEEN(50, 67),	\r\n					\'=RANDBETWEEN(0, 15)\',					\r\n					\'\')\' at line 5</message><insertId>-1</insertId><importRow>50</importRow></entry><entry><logDate>14/02/2012</logDate><dbTable>salesdata</dbTable><message>Error adding entry: You have an error in your SQL syntax; check the manual that corresponds to your MySQL server version for the right syntax to use near \'=RANDBETWEEN(50, 67),	\r\n					\'=RANDBETWEEN(0, 15)\',					\r\n					\'thomas.brown@ed.\' at line 5</message><insertId>-1</insertId><importRow>51</importRow></entry><entry><logDate>14/02/2012</logDate><dbTable>salesdata</dbTable><message>Error adding entry: You have an error in your SQL syntax; check the manual that corresponds to your MySQL server version for the right syntax to use near \'=RANDBETWEEN(50, 67),	\r\n					\'=RANDBETWEEN(0, 15)\',					\r\n					\'\')\' at line 5</message><insertId>-1</insertId><importRow>52</importRow></entry><entry><logDate>14/02/2012</logDate><dbTable>salesdata</dbTable><message>Error adding entry: You have an error in your SQL syntax; check the manual that corresponds to your MySQL server version for the right syntax to use near \'=RANDBETWEEN(50, 67),	\r\n					\'=RANDBETWEEN(0, 15)\',					\r\n					\'Charlie@foxnews.\' at line 5</message><insertId>-1</insertId><importRow>53</importRow></entry><entry><logDate>14/02/2012</logDate><dbTable>salesdata</dbTable><message>Error adding entry: You have an error in your SQL syntax; check the manual that corresponds to your MySQL server version for the right syntax to use near \'=RANDBETWEEN(50, 67),	\r\n					\'=RANDBETWEEN(0, 15)\',					\r\n					\'\')\' at line 5</message><insertId>-1</insertId><importRow>54</importRow></entry><entry><logDate>14/02/2012</logDate><dbTable>salesdata</dbTable><message>Error adding entry: You have an error in your SQL syntax; check the manual that corresponds to your MySQL server version for the right syntax to use near \'=RANDBETWEEN(50, 67),	\r\n					\'=RANDBETWEEN(0, 15)\',					\r\n					\'\')\' at line 5</message><insertId>-1</insertId><importRow>55</importRow></entry><entry><logDate>14/02/2012</logDate><dbTable>salesdata</dbTable><message>Error adding entry: You have an error in your SQL syntax; check the manual that corresponds to your MySQL server version for the right syntax to use near \'=RANDBETWEEN(50, 67),	\r\n					\'=RANDBETWEEN(0, 15)\',					\r\n					\'\')\' at line 5</message><insertId>-1</insertId><importRow>56</importRow></entry><entry><logDate>14/02/2012</logDate><dbTable>salesdata</dbTable><message>Error adding entry: You have an error in your SQL syntax; check the manual that corresponds to your MySQL server version for the right syntax to use near \'=RANDBETWEEN(50, 67),	\r\n					\'=RANDBETWEEN(0, 15)\',					\r\n					\'\')\' at line 5</message><insertId>-1</insertId><importRow>57</importRow></entry><entry><logDate>14/02/2012</logDate><dbTable>salesdata</dbTable><message>Error adding entry: You have an error in your SQL syntax; check the manual that corresponds to your MySQL server version for the right syntax to use near \'=RANDBETWEEN(50, 67),	\r\n					\'=RANDBETWEEN(0, 15)\',					\r\n					\'thomas.brown@ed.\' at line 5</message><insertId>-1</insertId><importRow>58</importRow></entry><entry><logDate>14/02/2012</logDate><dbTable>salesdata</dbTable><message>Error adding entry: You have an error in your SQL syntax; check the manual that corresponds to your MySQL server version for the right syntax to use near \'=RANDBETWEEN(50, 67),	\r\n					\'=RANDBETWEEN(0, 15)\',					\r\n					\'thomas.brown@ed.\' at line 5</message><insertId>-1</insertId><importRow>59</importRow></entry><entry><logDate>14/02/2012</logDate><dbTable>salesdata</dbTable><message>Error adding entry: You have an error in your SQL syntax; check the manual that corresponds to your MySQL server version for the right syntax to use near \'=RANDBETWEEN(50, 67),	\r\n					\'=RANDBETWEEN(0, 15)\',					\r\n					\'thomas.brown@ed.\' at line 5</message><insertId>-1</insertId><importRow>60</importRow></entry><entry><logDate>14/02/2012</logDate><dbTable>salesdata</dbTable><message>Error adding entry: You have an error in your SQL syntax; check the manual that corresponds to your MySQL server version for the right syntax to use near \'=RANDBETWEEN(50, 67),	\r\n					\'=RANDBETWEEN(0, 15)\',					\r\n					\'\')\' at line 5</message><insertId>-1</insertId><importRow>61</importRow></entry><entry><logDate>14/02/2012</logDate><dbTable>salesdata</dbTable><message>Error adding entry: You have an error in your SQL syntax; check the manual that corresponds to your MySQL server version for the right syntax to use near \'=RANDBETWEEN(50, 67),	\r\n					\'=RANDBETWEEN(0, 15)\',					\r\n					\'mf111@hw.ac.uk\')\' at line 5</message><insertId>-1</insertId><importRow>62</importRow></entry><entry><logDate>14/02/2012</logDate><dbTable>salesdata</dbTable><message>Error adding entry: You have an error in your SQL syntax; check the manual that corresponds to your MySQL server version for the right syntax to use near \'=RANDBETWEEN(50, 67),	\r\n					\'=RANDBETWEEN(0, 15)\',					\r\n					\'mf111@hw.ac.uk\')\' at line 5</message><insertId>-1</insertId><importRow>63</importRow></entry><entry><logDate>14/02/2012</logDate><dbTable>salesdata</dbTable><message>Error adding entry: You have an error in your SQL syntax; check the manual that corresponds to your MySQL server version for the right syntax to use near \'=RANDBETWEEN(50, 67),	\r\n					\'=RANDBETWEEN(0, 15)\',					\r\n					\'\')\' at line 5</message><insertId>-1</insertId><importRow>64</importRow></entry><entry><logDate>14/02/2012</logDate><dbTable>salesdata</dbTable><message>Error adding entry: You have an error in your SQL syntax; check the manual that corresponds to your MySQL server version for the right syntax to use near \'=RANDBETWEEN(50, 67),	\r\n					\'=RANDBETWEEN(0, 15)\',					\r\n					\'\')\' at line 5</message><insertId>-1</insertId><importRow>65</importRow></entry><entry><logDate>14/02/2012</logDate><dbTable>salesdata</dbTable><message>Error adding entry: You have an error in your SQL syntax; check the manual that corresponds to your MySQL server version for the right syntax to use near \'=RANDBETWEEN(50, 67),	\r\n					\'=RANDBETWEEN(0, 15)\',					\r\n					\'\')\' at line 5</message><insertId>-1</insertId><importRow>66</importRow></entry><entry><logDate>14/02/2012</logDate><dbTable>salesdata</dbTable><message>Error adding entry: You have an error in your SQL syntax; check the manual that corresponds to your MySQL server version for the right syntax to use near \'=RANDBETWEEN(50, 67),	\r\n					\'=RANDBETWEEN(0, 15)\',					\r\n					\'\')\' at line 5</message><insertId>-1</insertId><importRow>67</importRow></entry><entry><logDate>14/02/2012</logDate><dbTable>salesdata</dbTable><message>Error adding entry: You have an error in your SQL syntax; check the manual that corresponds to your MySQL server version for the right syntax to use near \'=RANDBETWEEN(50, 67),	\r\n					\'=RANDBETWEEN(0, 15)\',					\r\n					\'\')\' at line 5</message><insertId>-1</insertId><importRow>68</importRow></entry><entry><logDate>14/02/2012</logDate><dbTable>salesdata</dbTable><message>Error adding entry: You have an error in your SQL syntax; check the manual that corresponds to your MySQL server version for the right syntax to use near \'=RANDBETWEEN(50, 67),	\r\n					\'=RANDBETWEEN(0, 15)\',					\r\n					\'\')\' at line 5</message><insertId>-1</insertId><importRow>69</importRow></entry><entry><logDate>14/02/2012</logDate><dbTable>salesdata</dbTable><message>Error adding entry: You have an error in your SQL syntax; check the manual that corresponds to your MySQL server version for the right syntax to use near \'=RANDBETWEEN(50, 67),	\r\n					\'=RANDBETWEEN(0, 15)\',					\r\n					\'\')\' at line 5</message><insertId>-1</insertId><importRow>70</importRow></entry><entry><logDate>14/02/2012</logDate><dbTable>salesdata</dbTable><message>Error adding entry: You have an error in your SQL syntax; check the manual that corresponds to your MySQL server version for the right syntax to use near \'=RANDBETWEEN(50, 67),	\r\n					\'=RANDBETWEEN(0, 15)\',					\r\n					\'\')\' at line 5</message><insertId>-1</insertId><importRow>71</importRow></entry><entry><logDate>14/02/2012</logDate><dbTable>salesdata</dbTable><message>Error adding entry: You have an error in your SQL syntax; check the manual that corresponds to your MySQL server version for the right syntax to use near \'=RANDBETWEEN(50, 67),	\r\n					\'=RANDBETWEEN(0, 15)\',					\r\n					\'\')\' at line 5</message><insertId>-1</insertId><importRow>72</importRow></entry><entry><logDate>14/02/2012</logDate><dbTable>salesdata</dbTable><message>Error adding entry: You have an error in your SQL syntax; check the manual that corresponds to your MySQL server version for the right syntax to use near \'=RANDBETWEEN(50, 67),	\r\n					\'=RANDBETWEEN(0, 15)\',					\r\n					\'\')\' at line 5</message><insertId>-1</insertId><importRow>73</importRow></entry><entry><logDate>14/02/2012</logDate><dbTable>salesdata</dbTable><message>Error adding entry: You have an error in your SQL syntax; check the manual that corresponds to your MySQL server version for the right syntax to use near \'=RANDBETWEEN(50, 67),	\r\n					\'=RANDBETWEEN(0, 15)\',					\r\n					\'\')\' at line 5</message><insertId>-1</insertId><importRow>74</importRow></entry><entry><logDate>14/02/2012</logDate><dbTable>salesdata</dbTable><message>Error adding entry: You have an error in your SQL syntax; check the manual that corresponds to your MySQL server version for the right syntax to use near \'=RANDBETWEEN(50, 67),	\r\n					\'=RANDBETWEEN(0, 15)\',					\r\n					\'azt124@yahoo.co.\' at line 5</message><insertId>-1</insertId><importRow>75</importRow></entry><entry><logDate>14/02/2012</logDate><dbTable>salesdata</dbTable><message>Error adding entry: You have an error in your SQL syntax; check the manual that corresponds to your MySQL server version for the right syntax to use near \'=RANDBETWEEN(50, 67),	\r\n					\'=RANDBETWEEN(0, 15)\',					\r\n					\'\')\' at line 5</message><insertId>-1</insertId><importRow>76</importRow></entry><entry><logDate>14/02/2012</logDate><dbTable>salesdata</dbTable><message>Error adding entry: You have an error in your SQL syntax; check the manual that corresponds to your MySQL server version for the right syntax to use near \'=RANDBETWEEN(50, 67),	\r\n					\'=RANDBETWEEN(0, 15)\',					\r\n					\'\')\' at line 5</message><insertId>-1</insertId><importRow>77</importRow></entry><entry><logDate>14/02/2012</logDate><dbTable>salesdata</dbTable><message>Error adding entry: You have an error in your SQL syntax; check the manual that corresponds to your MySQL server version for the right syntax to use near \'=RANDBETWEEN(50, 67),	\r\n					\'=RANDBETWEEN(0, 15)\',					\r\n					\'\')\' at line 5</message><insertId>-1</insertId><importRow>78</importRow></entry><entry><logDate>14/02/2012</logDate><dbTable>salesdata</dbTable><message>Error adding entry: You have an error in your SQL syntax; check the manual that corresponds to your MySQL server version for the right syntax to use near \'=RANDBETWEEN(50, 67),	\r\n					\'=RANDBETWEEN(0, 15)\',					\r\n					\'azt124@yahoo.co.\' at line 5</message><insertId>-1</insertId><importRow>79</importRow></entry><entry><logDate>14/02/2012</logDate><dbTable>salesdata</dbTable><message>Error adding entry: You have an error in your SQL syntax; check the manual that corresponds to your MySQL server version for the right syntax to use near \'=RANDBETWEEN(50, 67),	\r\n					\'=RANDBETWEEN(0, 15)\',					\r\n					\'azt124@yahoo.co.\' at line 5</message><insertId>-1</insertId><importRow>80</importRow></entry><entry><logDate>14/02/2012</logDate><dbTable>salesdata</dbTable><message>Error adding entry: You have an error in your SQL syntax; check the manual that corresponds to your MySQL server version for the right syntax to use near \'=RANDBETWEEN(50, 67),	\r\n					\'=RANDBETWEEN(0, 15)\',					\r\n					\'\')\' at line 5</message><insertId>-1</insertId><importRow>81</importRow></entry><entry><logDate>14/02/2012</logDate><dbTable>salesdata</dbTable><message>Error adding entry: You have an error in your SQL syntax; check the manual that corresponds to your MySQL server version for the right syntax to use near \'=RANDBETWEEN(50, 67),	\r\n					\'=RANDBETWEEN(0, 15)\',					\r\n					\'\')\' at line 5</message><insertId>-1</insertId><importRow>82</importRow></entry><entry><logDate>14/02/2012</logDate><dbTable>salesdata</dbTable><message>Error adding entry: You have an error in your SQL syntax; check the manual that corresponds to your MySQL server version for the right syntax to use near \'=RANDBETWEEN(50, 67),	\r\n					\'=RANDBETWEEN(0, 15)\',					\r\n					\'azt124@yahoo.co.\' at line 5</message><insertId>-1</insertId><importRow>83</importRow></entry><entry><logDate>14/02/2012</logDate><dbTable>salesdata</dbTable><message>Error adding entry: You have an error in your SQL syntax; check the manual that corresponds to your MySQL server version for the right syntax to use near \'=RANDBETWEEN(50, 67),	\r\n					\'=RANDBETWEEN(0, 15)\',					\r\n					\'\')\' at line 5</message><insertId>-1</insertId><importRow>84</importRow></entry><entry><logDate>14/02/2012</logDate><dbTable>salesdata</dbTable><message>Error adding entry: You have an error in your SQL syntax; check the manual that corresponds to your MySQL server version for the right syntax to use near \'=RANDBETWEEN(50, 67),	\r\n					\'=RANDBETWEEN(0, 15)\',					\r\n					\'\')\' at line 5</message><insertId>-1</insertId><importRow>85</importRow></entry><entry><logDate>14/02/2012</logDate><dbTable>salesdata</dbTable><message>Error adding entry: You have an error in your SQL syntax; check the manual that corresponds to your MySQL server version for the right syntax to use near \'=RANDBETWEEN(50, 67),	\r\n					\'=RANDBETWEEN(0, 15)\',					\r\n					\'\')\' at line 5</message><insertId>-1</insertId><importRow>86</importRow></entry><entry><logDate>14/02/2012</logDate><dbTable>salesdata</dbTable><message>Error adding entry: You have an error in your SQL syntax; check the manual that corresponds to your MySQL server version for the right syntax to use near \'=RANDBETWEEN(50, 67),	\r\n					\'=RANDBETWEEN(0, 15)\',					\r\n					\'\')\' at line 5</message><insertId>-1</insertId><importRow>87</importRow></entry><entry><logDate>14/02/2012</logDate><dbTable>salesdata</dbTable><message>Error adding entry: You have an error in your SQL syntax; check the manual that corresponds to your MySQL server version for the right syntax to use near \'=RANDBETWEEN(50, 67),	\r\n					\'=RANDBETWEEN(0, 15)\',					\r\n					\'\')\' at line 5</message><insertId>-1</insertId><importRow>88</importRow></entry><entry><logDate>14/02/2012</logDate><dbTable>salesdata</dbTable><message>Error adding entry: You have an error in your SQL syntax; check the manual that corresponds to your MySQL server version for the right syntax to use near \'=RANDBETWEEN(50, 67),	\r\n					\'=RANDBETWEEN(0, 15)\',					\r\n					\'\')\' at line 5</message><insertId>-1</insertId><importRow>89</importRow></entry><entry><logDate>14/02/2012</logDate><dbTable>salesdata</dbTable><message>Error adding entry: You have an error in your SQL syntax; check the manual that corresponds to your MySQL server version for the right syntax to use near \'=RANDBETWEEN(50, 67),	\r\n					\'=RANDBETWEEN(0, 15)\',					\r\n					\'\')\' at line 5</message><insertId>-1</insertId><importRow>90</importRow></entry><entry><logDate>14/02/2012</logDate><dbTable>salesdata</dbTable><message>Error adding entry: You have an error in your SQL syntax; check the manual that corresponds to your MySQL server version for the right syntax to use near \'=RANDBETWEEN(50, 67),	\r\n					\'=RANDBETWEEN(0, 15)\',					\r\n					\'\')\' at line 5</message><insertId>-1</insertId><importRow>91</importRow></entry><entry><logDate>14/02/2012</logDate><dbTable>salesdata</dbTable><message>Error adding entry: You have an error in your SQL syntax; check the manual that corresponds to your MySQL server version for the right syntax to use near \'=RANDBETWEEN(50, 67),	\r\n					\'=RANDBETWEEN(0, 15)\',					\r\n					\'\')\' at line 5</message><insertId>-1</insertId><importRow>92</importRow></entry><entry><logDate>14/02/2012</logDate><dbTable>salesdata</dbTable><message>Error adding entry: You have an error in your SQL syntax; check the manual that corresponds to your MySQL server version for the right syntax to use near \'=RANDBETWEEN(50, 67),	\r\n					\'=RANDBETWEEN(0, 15)\',					\r\n					\'\')\' at line 5</message><insertId>-1</insertId><importRow>93</importRow></entry><entry><logDate>14/02/2012</logDate><dbTable>salesdata</dbTable><message>Error adding entry: You have an error in your SQL syntax; check the manual that corresponds to your MySQL server version for the right syntax to use near \'=RANDBETWEEN(50, 67),	\r\n					\'=RANDBETWEEN(0, 15)\',					\r\n					\'\')\' at line 5</message><insertId>-1</insertId><importRow>94</importRow></entry><entry><logDate>14/02/2012</logDate><dbTable>salesdata</dbTable><message>Error adding entry: You have an error in your SQL syntax; check the manual that corresponds to your MySQL server version for the right syntax to use near \'=RANDBETWEEN(50, 67),	\r\n					\'=RANDBETWEEN(0, 15)\',					\r\n					\'\')\' at line 5</message><insertId>-1</insertId><importRow>95</importRow></entry><entry><logDate>14/02/2012</logDate><dbTable>salesdata</dbTable><message>Error adding entry: You have an error in your SQL syntax; check the manual that corresponds to your MySQL server version for the right syntax to use near \'=RANDBETWEEN(50, 67),	\r\n					\'=RANDBETWEEN(0, 15)\',					\r\n					\'frank@cfg.biz\')\' at line 5</message><insertId>-1</insertId><importRow>96</importRow></entry><entry><logDate>14/02/2012</logDate><dbTable>salesdata</dbTable><message>Error adding entry: You have an error in your SQL syntax; check the manual that corresponds to your MySQL server version for the right syntax to use near \'=RANDBETWEEN(50, 67),	\r\n					\'=RANDBETWEEN(0, 15)\',					\r\n					\'frank@cfg.biz\')\' at line 5</message><insertId>-1</insertId><importRow>97</importRow></entry><entry><logDate>14/02/2012</logDate><dbTable>salesdata</dbTable><message>Error adding entry: You have an error in your SQL syntax; check the manual that corresponds to your MySQL server version for the right syntax to use near \'=RANDBETWEEN(50, 67),	\r\n					\'=RANDBETWEEN(0, 15)\',					\r\n					\'frank@cfg.biz\')\' at line 5</message><insertId>-1</insertId><importRow>98</importRow></entry><entry><logDate>14/02/2012</logDate><dbTable>salesdata</dbTable><message>Error adding entry: You have an error in your SQL syntax; check the manual that corresponds to your MySQL server version for the right syntax to use near \'=RANDBETWEEN(50, 67),	\r\n					\'=RANDBETWEEN(0, 15)\',					\r\n					\'frank@cfg.biz\')\' at line 5</message><insertId>-1</insertId><importRow>99</importRow></entry><entry><logDate>14/02/2012</logDate><dbTable>salesdata</dbTable><message>Error adding entry: You have an error in your SQL syntax; check the manual that corresponds to your MySQL server version for the right syntax to use near \'=RANDBETWEEN(50, 67),	\r\n					\'=RANDBETWEEN(0, 15)\',					\r\n					\'\')\' at line 5</message><insertId>-1</insertId><importRow>100</importRow></entry><entry><logDate>14/02/2012</logDate><dbTable>salesdata</dbTable><message>Error adding entry: You have an error in your SQL syntax; check the manual that corresponds to your MySQL server version for the right syntax to use near \'=RANDBETWEEN(50, 67),	\r\n					\'=RANDBETWEEN(0, 15)\',					\r\n					\'\')\' at line 5</message><insertId>-1</insertId><importRow>101</importRow></entry><entry><logDate>14/02/2012</logDate><dbTable>salesdata</dbTable><message>Error adding entry: You have an error in your SQL syntax; check the manual that corresponds to your MySQL server version for the right syntax to use near \'=RANDBETWEEN(50, 67),	\r\n					\'=RANDBETWEEN(0, 15)\',					\r\n					\'\')\' at line 5</message><insertId>-1</insertId><importRow>102</importRow></entry><entry><logDate>14/02/2012</logDate><dbTable>salesdata</dbTable><message>Error adding entry: You have an error in your SQL syntax; check the manual that corresponds to your MySQL server version for the right syntax to use near \'=RANDBETWEEN(50, 67),	\r\n					\'=RANDBETWEEN(0, 15)\',					\r\n					\'\')\' at line 5</message><insertId>-1</insertId><importRow>103</importRow></entry><entry><logDate>14/02/2012</logDate><dbTable>salesdata</dbTable><message>Error adding entry: You have an error in your SQL syntax; check the manual that corresponds to your MySQL server version for the right syntax to use near \'=RANDBETWEEN(50, 67),	\r\n					\'=RANDBETWEEN(0, 15)\',					\r\n					\'Charlie@foxnews.\' at line 5</message><insertId>-1</insertId><importRow>104</importRow></entry><entry><logDate>14/02/2012</logDate><dbTable>salesdata</dbTable><message>Error adding entry: You have an error in your SQL syntax; check the manual that corresponds to your MySQL server version for the right syntax to use near \'=RANDBETWEEN(50, 67),	\r\n					\'=RANDBETWEEN(0, 15)\',					\r\n					\'Charlie@foxnews.\' at line 5</message><insertId>-1</insertId><importRow>105</importRow></entry><entry><logDate>14/02/2012</logDate><dbTable>salesdata</dbTable><message>Error adding entry: You have an error in your SQL syntax; check the manual that corresponds to your MySQL server version for the right syntax to use near \'=RANDBETWEEN(50, 67),	\r\n					\'=RANDBETWEEN(0, 15)\',					\r\n					\'Charlie@foxnews.\' at line 5</message><insertId>-1</insertId><importRow>106</importRow></entry><entry><logDate>14/02/2012</logDate><dbTable>salesdata</dbTable><message>Error adding entry: You have an error in your SQL syntax; check the manual that corresponds to your MySQL server version for the right syntax to use near \'=RANDBETWEEN(50, 67),	\r\n					\'=RANDBETWEEN(0, 15)\',					\r\n					\'Charlie@foxnews.\' at line 5</message><insertId>-1</insertId><importRow>107</importRow></entry><entry><logDate>14/02/2012</logDate><dbTable>salesdata</dbTable><message>Error adding entry: You have an error in your SQL syntax; check the manual that corresponds to your MySQL server version for the right syntax to use near \'=RANDBETWEEN(50, 67),	\r\n					\'=RANDBETWEEN(0, 15)\',					\r\n					\'Charlie@foxnews.\' at line 5</message><insertId>-1</insertId><importRow>108</importRow></entry><entry><logDate>14/02/2012</logDate><dbTable>salesdata</dbTable><message>Error adding entry: You have an error in your SQL syntax; check the manual that corresponds to your MySQL server version for the right syntax to use near \'=RANDBETWEEN(50, 67),	\r\n					\'=RANDBETWEEN(0, 15)\',					\r\n					\'Charlie@foxnews.\' at line 5</message><insertId>-1</insertId><importRow>109</importRow></entry><entry><logDate>14/02/2012</logDate><dbTable>salesdata</dbTable><message>Error adding entry: You have an error in your SQL syntax; check the manual that corresponds to your MySQL server version for the right syntax to use near \'=RANDBETWEEN(50, 67),	\r\n					\'=RANDBETWEEN(0, 15)\',					\r\n					\'\')\' at line 5</message><insertId>-1</insertId><importRow>110</importRow></entry><entry><logDate>14/02/2012</logDate><dbTable>salesdata</dbTable><message>Error adding entry: You have an error in your SQL syntax; check the manual that corresponds to your MySQL server version for the right syntax to use near \'=RANDBETWEEN(50, 67),	\r\n					\'=RANDBETWEEN(0, 15)\',					\r\n					\'\')\' at line 5</message><insertId>-1</insertId><importRow>111</importRow></entry><entry><logDate>14/02/2012</logDate><dbTable>salesdata</dbTable><message>Error adding entry: You have an error in your SQL syntax; check the manual that corresponds to your MySQL server version for the right syntax to use near \'=RANDBETWEEN(50, 67),	\r\n					\'=RANDBETWEEN(0, 15)\',					\r\n					\'\')\' at line 5</message><insertId>-1</insertId><importRow>112</importRow></entry><entry><logDate>14/02/2012</logDate><dbTable>salesdata</dbTable><message>Error adding entry: You have an error in your SQL syntax; check the manual that corresponds to your MySQL server version for the right syntax to use near \'=RANDBETWEEN(50, 67),	\r\n					\'=RANDBETWEEN(0, 15)\',					\r\n					\'\')\' at line 5</message><insertId>-1</insertId><importRow>113</importRow></entry><entry><logDate>14/02/2012</logDate><dbTable>salesdata</dbTable><message>Error adding entry: You have an error in your SQL syntax; check the manual that corresponds to your MySQL server version for the right syntax to use near \'=RANDBETWEEN(50, 67),	\r\n					\'=RANDBETWEEN(0, 15)\',					\r\n					\'\')\' at line 5</message><insertId>-1</insertId><importRow>114</importRow></entry><entry><logDate>14/02/2012</logDate><dbTable>salesdata</dbTable><message>Error adding entry: You have an error in your SQL syntax; check the manual that corresponds to your MySQL server version for the right syntax to use near \'=RANDBETWEEN(50, 67),	\r\n					\'=RANDBETWEEN(0, 15)\',					\r\n					\'\')\' at line 5</message><insertId>-1</insertId><importRow>115</importRow></entry><entry><logDate>14/02/2012</logDate><dbTable>salesdata</dbTable><message>Error adding entry: You have an error in your SQL syntax; check the manual that corresponds to your MySQL server version for the right syntax to use near \'=RANDBETWEEN(50, 67),	\r\n					\'=RANDBETWEEN(0, 15)\',					\r\n					\'\')\' at line 5</message><insertId>-1</insertId><importRow>116</importRow></entry><entry><logDate>14/02/2012</logDate><dbTable>salesdata</dbTable><message>Error adding entry: You have an error in your SQL syntax; check the manual that corresponds to your MySQL server version for the right syntax to use near \'=RANDBETWEEN(50, 67),	\r\n					\'=RANDBETWEEN(0, 15)\',					\r\n					\'\')\' at line 5</message><insertId>-1</insertId><importRow>117</importRow></entry><entry><logDate>14/02/2012</logDate><dbTable>salesdata</dbTable><message>Error adding entry: You have an error in your SQL syntax; check the manual that corresponds to your MySQL server version for the right syntax to use near \'=RANDBETWEEN(50, 67),	\r\n					\'=RANDBETWEEN(0, 15)\',					\r\n					\'\')\' at line 5</message><insertId>-1</insertId><importRow>118</importRow></entry><entry><logDate>14/02/2012</logDate><dbTable>salesdata</dbTable><message>Error adding entry: You have an error in your SQL syntax; check the manual that corresponds to your MySQL server version for the right syntax to use near \'=RANDBETWEEN(50, 67),	\r\n					\'=RANDBETWEEN(0, 15)\',					\r\n					\'\')\' at line 5</message><insertId>-1</insertId><importRow>119</importRow></entry><entry><logDate>14/02/2012</logDate><dbTable>salesdata</dbTable><message>Error adding entry: You have an error in your SQL syntax; check the manual that corresponds to your MySQL server version for the right syntax to use near \'=RANDBETWEEN(50, 67),	\r\n					\'=RANDBETWEEN(0, 15)\',					\r\n					\'\')\' at line 5</message><insertId>-1</insertId><importRow>120</importRow></entry><entry><logDate>14/02/2012</logDate><dbTable>salesdata</dbTable><message>Error adding entry: You have an error in your SQL syntax; check the manual that corresponds to your MySQL server version for the right syntax to use near \'=RANDBETWEEN(50, 67),	\r\n					\'=RANDBETWEEN(0, 15)\',					\r\n					\'\')\' at line 5</message><insertId>-1</insertId><importRow>121</importRow></entry><entry><logDate>14/02/2012</logDate><dbTable>salesdata</dbTable><message>Error adding entry: You have an error in your SQL syntax; check the manual that corresponds to your MySQL server version for the right syntax to use near \'=RANDBETWEEN(50, 67),	\r\n					\'=RANDBETWEEN(0, 15)\',					\r\n					\'\')\' at line 5</message><insertId>-1</insertId><importRow>122</importRow></entry><entry><logDate>14/02/2012</logDate><dbTable>salesdata</dbTable><message>Error adding entry: You have an error in your SQL syntax; check the manual that corresponds to your MySQL server version for the right syntax to use near \'=RANDBETWEEN(50, 67),	\r\n					\'=RANDBETWEEN(0, 15)\',					\r\n					\'\')\' at line 5</message><insertId>-1</insertId><importRow>123</importRow></entry><entry><logDate>14/02/2012</logDate><dbTable>salesdata</dbTable><message>Error adding entry: You have an error in your SQL syntax; check the manual that corresponds to your MySQL server version for the right syntax to use near \'=RANDBETWEEN(50, 67),	\r\n					\'=RANDBETWEEN(0, 15)\',					\r\n					\'\')\' at line 5</message><insertId>-1</insertId><importRow>124</importRow></entry><entry><logDate>14/02/2012</logDate><dbTable>salesdata</dbTable><message>Error adding entry: You have an error in your SQL syntax; check the manual that corresponds to your MySQL server version for the right syntax to use near \'=RANDBETWEEN(50, 67),	\r\n					\'=RANDBETWEEN(0, 15)\',					\r\n					\'\')\' at line 5</message><insertId>-1</insertId><importRow>125</importRow></entry><entry><logDate>14/02/2012</logDate><dbTable>salesdata</dbTable><message>Error adding entry: You have an error in your SQL syntax; check the manual that corresponds to your MySQL server version for the right syntax to use near \'=RANDBETWEEN(50, 67),	\r\n					\'=RANDBETWEEN(0, 15)\',					\r\n					\'frank@cfg.biz\')\' at line 5</message><insertId>-1</insertId><importRow>126</importRow></entry><entry><logDate>14/02/2012</logDate><dbTable>salesdata</dbTable><message>Error adding entry: You have an error in your SQL syntax; check the manual that corresponds to your MySQL server version for the right syntax to use near \'=RANDBETWEEN(50, 67),	\r\n					\'=RANDBETWEEN(0, 15)\',					\r\n					\'frank@cfg.biz\')\' at line 5</message><insertId>-1</insertId><importRow>127</importRow></entry><entry><logDate>14/02/2012</logDate><dbTable>salesdata</dbTable><message>Error adding entry: You have an error in your SQL syntax; check the manual that corresponds to your MySQL server version for the right syntax to use near \'=RANDBETWEEN(50, 67),	\r\n					\'=RANDBETWEEN(0, 15)\',					\r\n					\'\')\' at line 5</message><insertId>-1</insertId><importRow>128</importRow></entry><entry><logDate>14/02/2012</logDate><dbTable>salesdata</dbTable><message>Error adding entry: You have an error in your SQL syntax; check the manual that corresponds to your MySQL server version for the right syntax to use near \'=RANDBETWEEN(50, 67),	\r\n					\'=RANDBETWEEN(0, 15)\',					\r\n					\'\')\' at line 5</message><insertId>-1</insertId><importRow>129</importRow></entry>','','SalesImport',1),(240,'2012-02-14 19:19:50','<entry><logDate>14/02/2012</logDate><dbTable>salesdata</dbTable><message>Entry added successfully</message><insertId>23</insertId><importRow>0</importRow></entry><entry><logDate>14/02/2012</logDate><dbTable>salesdata</dbTable><message>Entry added successfully</message><insertId>24</insertId><importRow>1</importRow></entry><entry><logDate>14/02/2012</logDate><dbTable>salesdata</dbTable><message>Entry added successfully</message><insertId>25</insertId><importRow>2</importRow></entry><entry><logDate>14/02/2012</logDate><dbTable>salesdata</dbTable><message>Entry added successfully</message><insertId>26</insertId><importRow>3</importRow></entry><entry><logDate>14/02/2012</logDate><dbTable>salesdata</dbTable><message>Entry added successfully</message><insertId>27</insertId><importRow>4</importRow></entry><entry><logDate>14/02/2012</logDate><dbTable>salesdata</dbTable><message>Entry added successfully</message><insertId>28</insertId><importRow>5</importRow></entry><entry><logDate>14/02/2012</logDate><dbTable>salesdata</dbTable><message>Entry added successfully</message><insertId>29</insertId><importRow>6</importRow></entry><entry><logDate>14/02/2012</logDate><dbTable>salesdata</dbTable><message>Entry added successfully</message><insertId>30</insertId><importRow>7</importRow></entry><entry><logDate>14/02/2012</logDate><dbTable>salesdata</dbTable><message>Entry added successfully</message><insertId>31</insertId><importRow>8</importRow></entry><entry><logDate>14/02/2012</logDate><dbTable>salesdata</dbTable><message>Entry added successfully</message><insertId>32</insertId><importRow>9</importRow></entry><entry><logDate>14/02/2012</logDate><dbTable>salesdata</dbTable><message>Entry added successfully</message><insertId>33</insertId><importRow>10</importRow></entry><entry><logDate>14/02/2012</logDate><dbTable>salesdata</dbTable><message>Entry added successfully</message><insertId>34</insertId><importRow>11</importRow></entry><entry><logDate>14/02/2012</logDate><dbTable>salesdata</dbTable><message>Entry added successfully</message><insertId>35</insertId><importRow>12</importRow></entry><entry><logDate>14/02/2012</logDate><dbTable>salesdata</dbTable><message>Entry added successfully</message><insertId>36</insertId><importRow>13</importRow></entry><entry><logDate>14/02/2012</logDate><dbTable>salesdata</dbTable><message>Entry added successfully</message><insertId>37</insertId><importRow>14</importRow></entry><entry><logDate>14/02/2012</logDate><dbTable>salesdata</dbTable><message>Entry added successfully</message><insertId>38</insertId><importRow>15</importRow></entry><entry><logDate>14/02/2012</logDate><dbTable>salesdata</dbTable><message>Entry added successfully</message><insertId>39</insertId><importRow>16</importRow></entry><entry><logDate>14/02/2012</logDate><dbTable>salesdata</dbTable><message>Entry added successfully</message><insertId>40</insertId><importRow>17</importRow></entry><entry><logDate>14/02/2012</logDate><dbTable>salesdata</dbTable><message>Entry added successfully</message><insertId>41</insertId><importRow>18</importRow></entry><entry><logDate>14/02/2012</logDate><dbTable>salesdata</dbTable><message>Entry added successfully</message><insertId>42</insertId><importRow>19</importRow></entry><entry><logDate>14/02/2012</logDate><dbTable>salesdata</dbTable><message>Entry added successfully</message><insertId>43</insertId><importRow>20</importRow></entry><entry><logDate>14/02/2012</logDate><dbTable>salesdata</dbTable><message>Entry added successfully</message><insertId>44</insertId><importRow>21</importRow></entry><entry><logDate>14/02/2012</logDate><dbTable>salesdata</dbTable><message>Entry added successfully</message><insertId>45</insertId><importRow>22</importRow></entry><entry><logDate>14/02/2012</logDate><dbTable>salesdata</dbTable><message>Entry added successfully</message><insertId>46</insertId><importRow>23</importRow></entry><entry><logDate>14/02/2012</logDate><dbTable>salesdata</dbTable><message>Entry added successfully</message><insertId>47</insertId><importRow>24</importRow></entry><entry><logDate>14/02/2012</logDate><dbTable>salesdata</dbTable><message>Entry added successfully</message><insertId>48</insertId><importRow>25</importRow></entry><entry><logDate>14/02/2012</logDate><dbTable>salesdata</dbTable><message>Entry added successfully</message><insertId>49</insertId><importRow>26</importRow></entry><entry><logDate>14/02/2012</logDate><dbTable>salesdata</dbTable><message>Entry added successfully</message><insertId>50</insertId><importRow>27</importRow></entry><entry><logDate>14/02/2012</logDate><dbTable>salesdata</dbTable><message>Entry added successfully</message><insertId>51</insertId><importRow>28</importRow></entry><entry><logDate>14/02/2012</logDate><dbTable>salesdata</dbTable><message>Entry added successfully</message><insertId>52</insertId><importRow>29</importRow></entry><entry><logDate>14/02/2012</logDate><dbTable>salesdata</dbTable><message>Entry added successfully</message><insertId>53</insertId><importRow>30</importRow></entry><entry><logDate>14/02/2012</logDate><dbTable>salesdata</dbTable><message>Entry added successfully</message><insertId>54</insertId><importRow>31</importRow></entry><entry><logDate>14/02/2012</logDate><dbTable>salesdata</dbTable><message>Entry added successfully</message><insertId>55</insertId><importRow>32</importRow></entry><entry><logDate>14/02/2012</logDate><dbTable>salesdata</dbTable><message>Entry added successfully</message><insertId>56</insertId><importRow>33</importRow></entry><entry><logDate>14/02/2012</logDate><dbTable>salesdata</dbTable><message>Entry added successfully</message><insertId>57</insertId><importRow>34</importRow></entry><entry><logDate>14/02/2012</logDate><dbTable>salesdata</dbTable><message>Entry added successfully</message><insertId>58</insertId><importRow>35</importRow></entry><entry><logDate>14/02/2012</logDate><dbTable>salesdata</dbTable><message>Entry added successfully</message><insertId>59</insertId><importRow>36</importRow></entry><entry><logDate>14/02/2012</logDate><dbTable>salesdata</dbTable><message>Entry added successfully</message><insertId>60</insertId><importRow>37</importRow></entry><entry><logDate>14/02/2012</logDate><dbTable>salesdata</dbTable><message>Entry added successfully</message><insertId>61</insertId><importRow>38</importRow></entry><entry><logDate>14/02/2012</logDate><dbTable>salesdata</dbTable><message>Entry added successfully</message><insertId>62</insertId><importRow>39</importRow></entry><entry><logDate>14/02/2012</logDate><dbTable>salesdata</dbTable><message>Entry added successfully</message><insertId>63</insertId><importRow>40</importRow></entry><entry><logDate>14/02/2012</logDate><dbTable>salesdata</dbTable><message>Entry added successfully</message><insertId>64</insertId><importRow>41</importRow></entry><entry><logDate>14/02/2012</logDate><dbTable>salesdata</dbTable><message>Entry added successfully</message><insertId>65</insertId><importRow>42</importRow></entry><entry><logDate>14/02/2012</logDate><dbTable>salesdata</dbTable><message>Entry added successfully</message><insertId>66</insertId><importRow>43</importRow></entry><entry><logDate>14/02/2012</logDate><dbTable>salesdata</dbTable><message>Entry added successfully</message><insertId>67</insertId><importRow>44</importRow></entry><entry><logDate>14/02/2012</logDate><dbTable>salesdata</dbTable><message>Entry added successfully</message><insertId>68</insertId><importRow>45</importRow></entry><entry><logDate>14/02/2012</logDate><dbTable>salesdata</dbTable><message>Entry added successfully</message><insertId>69</insertId><importRow>46</importRow></entry><entry><logDate>14/02/2012</logDate><dbTable>salesdata</dbTable><message>Entry added successfully</message><insertId>70</insertId><importRow>47</importRow></entry><entry><logDate>14/02/2012</logDate><dbTable>salesdata</dbTable><message>Entry added successfully</message><insertId>71</insertId><importRow>48</importRow></entry><entry><logDate>14/02/2012</logDate><dbTable>salesdata</dbTable><message>Entry added successfully</message><insertId>72</insertId><importRow>49</importRow></entry><entry><logDate>14/02/2012</logDate><dbTable>salesdata</dbTable><message>Entry added successfully</message><insertId>73</insertId><importRow>50</importRow></entry><entry><logDate>14/02/2012</logDate><dbTable>salesdata</dbTable><message>Entry added successfully</message><insertId>74</insertId><importRow>51</importRow></entry><entry><logDate>14/02/2012</logDate><dbTable>salesdata</dbTable><message>Entry added successfully</message><insertId>75</insertId><importRow>52</importRow></entry><entry><logDate>14/02/2012</logDate><dbTable>salesdata</dbTable><message>Entry added successfully</message><insertId>76</insertId><importRow>53</importRow></entry><entry><logDate>14/02/2012</logDate><dbTable>salesdata</dbTable><message>Entry added successfully</message><insertId>77</insertId><importRow>54</importRow></entry><entry><logDate>14/02/2012</logDate><dbTable>salesdata</dbTable><message>Entry added successfully</message><insertId>78</insertId><importRow>55</importRow></entry><entry><logDate>14/02/2012</logDate><dbTable>salesdata</dbTable><message>Entry added successfully</message><insertId>79</insertId><importRow>56</importRow></entry><entry><logDate>14/02/2012</logDate><dbTable>salesdata</dbTable><message>Entry added successfully</message><insertId>80</insertId><importRow>57</importRow></entry><entry><logDate>14/02/2012</logDate><dbTable>salesdata</dbTable><message>Entry added successfully</message><insertId>81</insertId><importRow>58</importRow></entry><entry><logDate>14/02/2012</logDate><dbTable>salesdata</dbTable><message>Entry added successfully</message><insertId>82</insertId><importRow>59</importRow></entry><entry><logDate>14/02/2012</logDate><dbTable>salesdata</dbTable><message>Entry added successfully</message><insertId>83</insertId><importRow>60</importRow></entry><entry><logDate>14/02/2012</logDate><dbTable>salesdata</dbTable><message>Entry added successfully</message><insertId>84</insertId><importRow>61</importRow></entry><entry><logDate>14/02/2012</logDate><dbTable>salesdata</dbTable><message>Entry added successfully</message><insertId>85</insertId><importRow>62</importRow></entry><entry><logDate>14/02/2012</logDate><dbTable>salesdata</dbTable><message>Entry added successfully</message><insertId>86</insertId><importRow>63</importRow></entry><entry><logDate>14/02/2012</logDate><dbTable>salesdata</dbTable><message>Entry added successfully</message><insertId>87</insertId><importRow>64</importRow></entry><entry><logDate>14/02/2012</logDate><dbTable>salesdata</dbTable><message>Entry added successfully</message><insertId>88</insertId><importRow>65</importRow></entry><entry><logDate>14/02/2012</logDate><dbTable>salesdata</dbTable><message>Entry added successfully</message><insertId>89</insertId><importRow>66</importRow></entry><entry><logDate>14/02/2012</logDate><dbTable>salesdata</dbTable><message>Entry added successfully</message><insertId>90</insertId><importRow>67</importRow></entry><entry><logDate>14/02/2012</logDate><dbTable>salesdata</dbTable><message>Entry added successfully</message><insertId>91</insertId><importRow>68</importRow></entry><entry><logDate>14/02/2012</logDate><dbTable>salesdata</dbTable><message>Entry added successfully</message><insertId>92</insertId><importRow>69</importRow></entry><entry><logDate>14/02/2012</logDate><dbTable>salesdata</dbTable><message>Entry added successfully</message><insertId>93</insertId><importRow>70</importRow></entry><entry><logDate>14/02/2012</logDate><dbTable>salesdata</dbTable><message>Entry added successfully</message><insertId>94</insertId><importRow>71</importRow></entry><entry><logDate>14/02/2012</logDate><dbTable>salesdata</dbTable><message>Entry added successfully</message><insertId>95</insertId><importRow>72</importRow></entry><entry><logDate>14/02/2012</logDate><dbTable>salesdata</dbTable><message>Entry added successfully</message><insertId>96</insertId><importRow>73</importRow></entry><entry><logDate>14/02/2012</logDate><dbTable>salesdata</dbTable><message>Entry added successfully</message><insertId>97</insertId><importRow>74</importRow></entry><entry><logDate>14/02/2012</logDate><dbTable>salesdata</dbTable><message>Entry added successfully</message><insertId>98</insertId><importRow>75</importRow></entry><entry><logDate>14/02/2012</logDate><dbTable>salesdata</dbTable><message>Entry added successfully</message><insertId>99</insertId><importRow>76</importRow></entry><entry><logDate>14/02/2012</logDate><dbTable>salesdata</dbTable><message>Entry added successfully</message><insertId>100</insertId><importRow>77</importRow></entry><entry><logDate>14/02/2012</logDate><dbTable>salesdata</dbTable><message>Entry added successfully</message><insertId>101</insertId><importRow>78</importRow></entry><entry><logDate>14/02/2012</logDate><dbTable>salesdata</dbTable><message>Entry added successfully</message><insertId>102</insertId><importRow>79</importRow></entry><entry><logDate>14/02/2012</logDate><dbTable>salesdata</dbTable><message>Entry added successfully</message><insertId>103</insertId><importRow>80</importRow></entry><entry><logDate>14/02/2012</logDate><dbTable>salesdata</dbTable><message>Entry added successfully</message><insertId>104</insertId><importRow>81</importRow></entry><entry><logDate>14/02/2012</logDate><dbTable>salesdata</dbTable><message>Entry added successfully</message><insertId>105</insertId><importRow>82</importRow></entry><entry><logDate>14/02/2012</logDate><dbTable>salesdata</dbTable><message>Entry added successfully</message><insertId>106</insertId><importRow>83</importRow></entry><entry><logDate>14/02/2012</logDate><dbTable>salesdata</dbTable><message>Entry added successfully</message><insertId>107</insertId><importRow>84</importRow></entry><entry><logDate>14/02/2012</logDate><dbTable>salesdata</dbTable><message>Entry added successfully</message><insertId>108</insertId><importRow>85</importRow></entry><entry><logDate>14/02/2012</logDate><dbTable>salesdata</dbTable><message>Entry added successfully</message><insertId>109</insertId><importRow>86</importRow></entry><entry><logDate>14/02/2012</logDate><dbTable>salesdata</dbTable><message>Entry added successfully</message><insertId>110</insertId><importRow>87</importRow></entry><entry><logDate>14/02/2012</logDate><dbTable>salesdata</dbTable><message>Entry added successfully</message><insertId>111</insertId><importRow>88</importRow></entry><entry><logDate>14/02/2012</logDate><dbTable>salesdata</dbTable><message>Entry added successfully</message><insertId>112</insertId><importRow>89</importRow></entry><entry><logDate>14/02/2012</logDate><dbTable>salesdata</dbTable><message>Entry added successfully</message><insertId>113</insertId><importRow>90</importRow></entry><entry><logDate>14/02/2012</logDate><dbTable>salesdata</dbTable><message>Entry added successfully</message><insertId>114</insertId><importRow>91</importRow></entry><entry><logDate>14/02/2012</logDate><dbTable>salesdata</dbTable><message>Entry added successfully</message><insertId>115</insertId><importRow>92</importRow></entry><entry><logDate>14/02/2012</logDate><dbTable>salesdata</dbTable><message>Entry added successfully</message><insertId>116</insertId><importRow>93</importRow></entry><entry><logDate>14/02/2012</logDate><dbTable>salesdata</dbTable><message>Entry added successfully</message><insertId>117</insertId><importRow>94</importRow></entry><entry><logDate>14/02/2012</logDate><dbTable>salesdata</dbTable><message>Entry added successfully</message><insertId>118</insertId><importRow>95</importRow></entry><entry><logDate>14/02/2012</logDate><dbTable>salesdata</dbTable><message>Entry added successfully</message><insertId>119</insertId><importRow>96</importRow></entry><entry><logDate>14/02/2012</logDate><dbTable>salesdata</dbTable><message>Entry added successfully</message><insertId>120</insertId><importRow>97</importRow></entry><entry><logDate>14/02/2012</logDate><dbTable>salesdata</dbTable><message>Entry added successfully</message><insertId>121</insertId><importRow>98</importRow></entry><entry><logDate>14/02/2012</logDate><dbTable>salesdata</dbTable><message>Entry added successfully</message><insertId>122</insertId><importRow>99</importRow></entry><entry><logDate>14/02/2012</logDate><dbTable>salesdata</dbTable><message>Entry added successfully</message><insertId>123</insertId><importRow>100</importRow></entry><entry><logDate>14/02/2012</logDate><dbTable>salesdata</dbTable><message>Entry added successfully</message><insertId>124</insertId><importRow>101</importRow></entry><entry><logDate>14/02/2012</logDate><dbTable>salesdata</dbTable><message>Entry added successfully</message><insertId>125</insertId><importRow>102</importRow></entry><entry><logDate>14/02/2012</logDate><dbTable>salesdata</dbTable><message>Entry added successfully</message><insertId>126</insertId><importRow>103</importRow></entry><entry><logDate>14/02/2012</logDate><dbTable>salesdata</dbTable><message>Entry added successfully</message><insertId>127</insertId><importRow>104</importRow></entry><entry><logDate>14/02/2012</logDate><dbTable>salesdata</dbTable><message>Entry added successfully</message><insertId>128</insertId><importRow>105</importRow></entry><entry><logDate>14/02/2012</logDate><dbTable>salesdata</dbTable><message>Entry added successfully</message><insertId>129</insertId><importRow>106</importRow></entry><entry><logDate>14/02/2012</logDate><dbTable>salesdata</dbTable><message>Entry added successfully</message><insertId>130</insertId><importRow>107</importRow></entry><entry><logDate>14/02/2012</logDate><dbTable>salesdata</dbTable><message>Entry added successfully</message><insertId>131</insertId><importRow>108</importRow></entry><entry><logDate>14/02/2012</logDate><dbTable>salesdata</dbTable><message>Entry added successfully</message><insertId>132</insertId><importRow>109</importRow></entry><entry><logDate>14/02/2012</logDate><dbTable>salesdata</dbTable><message>Entry added successfully</message><insertId>133</insertId><importRow>110</importRow></entry><entry><logDate>14/02/2012</logDate><dbTable>salesdata</dbTable><message>Entry added successfully</message><insertId>134</insertId><importRow>111</importRow></entry><entry><logDate>14/02/2012</logDate><dbTable>salesdata</dbTable><message>Entry added successfully</message><insertId>135</insertId><importRow>112</importRow></entry><entry><logDate>14/02/2012</logDate><dbTable>salesdata</dbTable><message>Entry added successfully</message><insertId>136</insertId><importRow>113</importRow></entry><entry><logDate>14/02/2012</logDate><dbTable>salesdata</dbTable><message>Entry added successfully</message><insertId>137</insertId><importRow>114</importRow></entry><entry><logDate>14/02/2012</logDate><dbTable>salesdata</dbTable><message>Entry added successfully</message><insertId>138</insertId><importRow>115</importRow></entry><entry><logDate>14/02/2012</logDate><dbTable>salesdata</dbTable><message>Entry added successfully</message><insertId>139</insertId><importRow>116</importRow></entry><entry><logDate>14/02/2012</logDate><dbTable>salesdata</dbTable><message>Entry added successfully</message><insertId>140</insertId><importRow>117</importRow></entry><entry><logDate>14/02/2012</logDate><dbTable>salesdata</dbTable><message>Entry added successfully</message><insertId>141</insertId><importRow>118</importRow></entry><entry><logDate>14/02/2012</logDate><dbTable>salesdata</dbTable><message>Entry added successfully</message><insertId>142</insertId><importRow>119</importRow></entry><entry><logDate>14/02/2012</logDate><dbTable>salesdata</dbTable><message>Entry added successfully</message><insertId>143</insertId><importRow>120</importRow></entry><entry><logDate>14/02/2012</logDate><dbTable>salesdata</dbTable><message>Entry added successfully</message><insertId>144</insertId><importRow>121</importRow></entry><entry><logDate>14/02/2012</logDate><dbTable>salesdata</dbTable><message>Entry added successfully</message><insertId>145</insertId><importRow>122</importRow></entry><entry><logDate>14/02/2012</logDate><dbTable>salesdata</dbTable><message>Entry added successfully</message><insertId>146</insertId><importRow>123</importRow></entry><entry><logDate>14/02/2012</logDate><dbTable>salesdata</dbTable><message>Entry added successfully</message><insertId>147</insertId><importRow>124</importRow></entry><entry><logDate>14/02/2012</logDate><dbTable>salesdata</dbTable><message>Entry added successfully</message><insertId>148</insertId><importRow>125</importRow></entry><entry><logDate>14/02/2012</logDate><dbTable>salesdata</dbTable><message>Entry added successfully</message><insertId>149</insertId><importRow>126</importRow></entry><entry><logDate>14/02/2012</logDate><dbTable>salesdata</dbTable><message>Entry added successfully</message><insertId>150</insertId><importRow>127</importRow></entry><entry><logDate>14/02/2012</logDate><dbTable>salesdata</dbTable><message>Entry added successfully</message><insertId>151</insertId><importRow>128</importRow></entry><entry><logDate>14/02/2012</logDate><dbTable>salesdata</dbTable><message>Entry added successfully</message><insertId>152</insertId><importRow>129</importRow></entry>','','SalesImport',1),(241,'2012-02-14 19:24:56','<entry><logDate>14/02/2012</logDate><dbTable>salesdata</dbTable><message>Entry added successfully</message><insertId>153</insertId><importRow>0</importRow></entry><entry><logDate>14/02/2012</logDate><dbTable>salesdata</dbTable><message>Entry added successfully</message><insertId>154</insertId><importRow>1</importRow></entry><entry><logDate>14/02/2012</logDate><dbTable>salesdata</dbTable><message>Entry added successfully</message><insertId>155</insertId><importRow>2</importRow></entry><entry><logDate>14/02/2012</logDate><dbTable>salesdata</dbTable><message>Entry added successfully</message><insertId>156</insertId><importRow>3</importRow></entry><entry><logDate>14/02/2012</logDate><dbTable>salesdata</dbTable><message>Entry added successfully</message><insertId>157</insertId><importRow>4</importRow></entry><entry><logDate>14/02/2012</logDate><dbTable>salesdata</dbTable><message>Entry added successfully</message><insertId>158</insertId><importRow>5</importRow></entry><entry><logDate>14/02/2012</logDate><dbTable>salesdata</dbTable><message>Entry added successfully</message><insertId>159</insertId><importRow>6</importRow></entry><entry><logDate>14/02/2012</logDate><dbTable>salesdata</dbTable><message>Entry added successfully</message><insertId>160</insertId><importRow>7</importRow></entry><entry><logDate>14/02/2012</logDate><dbTable>salesdata</dbTable><message>Entry added successfully</message><insertId>161</insertId><importRow>8</importRow></entry><entry><logDate>14/02/2012</logDate><dbTable>salesdata</dbTable><message>Entry added successfully</message><insertId>162</insertId><importRow>9</importRow></entry><entry><logDate>14/02/2012</logDate><dbTable>salesdata</dbTable><message>Entry added successfully</message><insertId>163</insertId><importRow>10</importRow></entry><entry><logDate>14/02/2012</logDate><dbTable>salesdata</dbTable><message>Entry added successfully</message><insertId>164</insertId><importRow>11</importRow></entry><entry><logDate>14/02/2012</logDate><dbTable>salesdata</dbTable><message>Entry added successfully</message><insertId>165</insertId><importRow>12</importRow></entry><entry><logDate>14/02/2012</logDate><dbTable>salesdata</dbTable><message>Entry added successfully</message><insertId>166</insertId><importRow>13</importRow></entry><entry><logDate>14/02/2012</logDate><dbTable>salesdata</dbTable><message>Entry added successfully</message><insertId>167</insertId><importRow>14</importRow></entry><entry><logDate>14/02/2012</logDate><dbTable>salesdata</dbTable><message>Entry added successfully</message><insertId>168</insertId><importRow>15</importRow></entry><entry><logDate>14/02/2012</logDate><dbTable>salesdata</dbTable><message>Entry added successfully</message><insertId>169</insertId><importRow>16</importRow></entry><entry><logDate>14/02/2012</logDate><dbTable>salesdata</dbTable><message>Entry added successfully</message><insertId>170</insertId><importRow>17</importRow></entry><entry><logDate>14/02/2012</logDate><dbTable>salesdata</dbTable><message>Entry added successfully</message><insertId>171</insertId><importRow>18</importRow></entry><entry><logDate>14/02/2012</logDate><dbTable>salesdata</dbTable><message>Entry added successfully</message><insertId>172</insertId><importRow>19</importRow></entry><entry><logDate>14/02/2012</logDate><dbTable>salesdata</dbTable><message>Entry added successfully</message><insertId>173</insertId><importRow>20</importRow></entry><entry><logDate>14/02/2012</logDate><dbTable>salesdata</dbTable><message>Entry added successfully</message><insertId>174</insertId><importRow>21</importRow></entry><entry><logDate>14/02/2012</logDate><dbTable>salesdata</dbTable><message>Entry added successfully</message><insertId>175</insertId><importRow>22</importRow></entry><entry><logDate>14/02/2012</logDate><dbTable>salesdata</dbTable><message>Entry added successfully</message><insertId>176</insertId><importRow>23</importRow></entry><entry><logDate>14/02/2012</logDate><dbTable>salesdata</dbTable><message>Entry added successfully</message><insertId>177</insertId><importRow>24</importRow></entry><entry><logDate>14/02/2012</logDate><dbTable>salesdata</dbTable><message>Entry added successfully</message><insertId>178</insertId><importRow>25</importRow></entry><entry><logDate>14/02/2012</logDate><dbTable>salesdata</dbTable><message>Entry added successfully</message><insertId>179</insertId><importRow>26</importRow></entry><entry><logDate>14/02/2012</logDate><dbTable>salesdata</dbTable><message>Entry added successfully</message><insertId>180</insertId><importRow>27</importRow></entry><entry><logDate>14/02/2012</logDate><dbTable>salesdata</dbTable><message>Entry added successfully</message><insertId>181</insertId><importRow>28</importRow></entry><entry><logDate>14/02/2012</logDate><dbTable>salesdata</dbTable><message>Entry added successfully</message><insertId>182</insertId><importRow>29</importRow></entry><entry><logDate>14/02/2012</logDate><dbTable>salesdata</dbTable><message>Entry added successfully</message><insertId>183</insertId><importRow>30</importRow></entry><entry><logDate>14/02/2012</logDate><dbTable>salesdata</dbTable><message>Entry added successfully</message><insertId>184</insertId><importRow>31</importRow></entry><entry><logDate>14/02/2012</logDate><dbTable>salesdata</dbTable><message>Entry added successfully</message><insertId>185</insertId><importRow>32</importRow></entry><entry><logDate>14/02/2012</logDate><dbTable>salesdata</dbTable><message>Entry added successfully</message><insertId>186</insertId><importRow>33</importRow></entry><entry><logDate>14/02/2012</logDate><dbTable>salesdata</dbTable><message>Entry added successfully</message><insertId>187</insertId><importRow>34</importRow></entry><entry><logDate>14/02/2012</logDate><dbTable>salesdata</dbTable><message>Entry added successfully</message><insertId>188</insertId><importRow>35</importRow></entry><entry><logDate>14/02/2012</logDate><dbTable>salesdata</dbTable><message>Entry added successfully</message><insertId>189</insertId><importRow>36</importRow></entry><entry><logDate>14/02/2012</logDate><dbTable>salesdata</dbTable><message>Entry added successfully</message><insertId>190</insertId><importRow>37</importRow></entry><entry><logDate>14/02/2012</logDate><dbTable>salesdata</dbTable><message>Entry added successfully</message><insertId>191</insertId><importRow>38</importRow></entry><entry><logDate>14/02/2012</logDate><dbTable>salesdata</dbTable><message>Entry added successfully</message><insertId>192</insertId><importRow>39</importRow></entry><entry><logDate>14/02/2012</logDate><dbTable>salesdata</dbTable><message>Entry added successfully</message><insertId>193</insertId><importRow>40</importRow></entry><entry><logDate>14/02/2012</logDate><dbTable>salesdata</dbTable><message>Entry added successfully</message><insertId>194</insertId><importRow>41</importRow></entry><entry><logDate>14/02/2012</logDate><dbTable>salesdata</dbTable><message>Entry added successfully</message><insertId>195</insertId><importRow>42</importRow></entry><entry><logDate>14/02/2012</logDate><dbTable>salesdata</dbTable><message>Entry added successfully</message><insertId>196</insertId><importRow>43</importRow></entry><entry><logDate>14/02/2012</logDate><dbTable>salesdata</dbTable><message>Entry added successfully</message><insertId>197</insertId><importRow>44</importRow></entry><entry><logDate>14/02/2012</logDate><dbTable>salesdata</dbTable><message>Entry added successfully</message><insertId>198</insertId><importRow>45</importRow></entry><entry><logDate>14/02/2012</logDate><dbTable>salesdata</dbTable><message>Entry added successfully</message><insertId>199</insertId><importRow>46</importRow></entry><entry><logDate>14/02/2012</logDate><dbTable>salesdata</dbTable><message>Entry added successfully</message><insertId>200</insertId><importRow>47</importRow></entry><entry><logDate>14/02/2012</logDate><dbTable>salesdata</dbTable><message>Entry added successfully</message><insertId>201</insertId><importRow>48</importRow></entry><entry><logDate>14/02/2012</logDate><dbTable>salesdata</dbTable><message>Entry added successfully</message><insertId>202</insertId><importRow>49</importRow></entry><entry><logDate>14/02/2012</logDate><dbTable>salesdata</dbTable><message>Entry added successfully</message><insertId>203</insertId><importRow>50</importRow></entry><entry><logDate>14/02/2012</logDate><dbTable>salesdata</dbTable><message>Entry added successfully</message><insertId>204</insertId><importRow>51</importRow></entry><entry><logDate>14/02/2012</logDate><dbTable>salesdata</dbTable><message>Entry added successfully</message><insertId>205</insertId><importRow>52</importRow></entry><entry><logDate>14/02/2012</logDate><dbTable>salesdata</dbTable><message>Entry added successfully</message><insertId>206</insertId><importRow>53</importRow></entry><entry><logDate>14/02/2012</logDate><dbTable>salesdata</dbTable><message>Entry added successfully</message><insertId>207</insertId><importRow>54</importRow></entry><entry><logDate>14/02/2012</logDate><dbTable>salesdata</dbTable><message>Entry added successfully</message><insertId>208</insertId><importRow>55</importRow></entry><entry><logDate>14/02/2012</logDate><dbTable>salesdata</dbTable><message>Entry added successfully</message><insertId>209</insertId><importRow>56</importRow></entry><entry><logDate>14/02/2012</logDate><dbTable>salesdata</dbTable><message>Entry added successfully</message><insertId>210</insertId><importRow>57</importRow></entry><entry><logDate>14/02/2012</logDate><dbTable>salesdata</dbTable><message>Entry added successfully</message><insertId>211</insertId><importRow>58</importRow></entry><entry><logDate>14/02/2012</logDate><dbTable>salesdata</dbTable><message>Entry added successfully</message><insertId>212</insertId><importRow>59</importRow></entry><entry><logDate>14/02/2012</logDate><dbTable>salesdata</dbTable><message>Entry added successfully</message><insertId>213</insertId><importRow>60</importRow></entry><entry><logDate>14/02/2012</logDate><dbTable>salesdata</dbTable><message>Entry added successfully</message><insertId>214</insertId><importRow>61</importRow></entry><entry><logDate>14/02/2012</logDate><dbTable>salesdata</dbTable><message>Entry added successfully</message><insertId>215</insertId><importRow>62</importRow></entry><entry><logDate>14/02/2012</logDate><dbTable>salesdata</dbTable><message>Entry added successfully</message><insertId>216</insertId><importRow>63</importRow></entry><entry><logDate>14/02/2012</logDate><dbTable>salesdata</dbTable><message>Entry added successfully</message><insertId>217</insertId><importRow>64</importRow></entry><entry><logDate>14/02/2012</logDate><dbTable>salesdata</dbTable><message>Entry added successfully</message><insertId>218</insertId><importRow>65</importRow></entry><entry><logDate>14/02/2012</logDate><dbTable>salesdata</dbTable><message>Entry added successfully</message><insertId>219</insertId><importRow>66</importRow></entry><entry><logDate>14/02/2012</logDate><dbTable>salesdata</dbTable><message>Entry added successfully</message><insertId>220</insertId><importRow>67</importRow></entry><entry><logDate>14/02/2012</logDate><dbTable>salesdata</dbTable><message>Entry added successfully</message><insertId>221</insertId><importRow>68</importRow></entry><entry><logDate>14/02/2012</logDate><dbTable>salesdata</dbTable><message>Entry added successfully</message><insertId>222</insertId><importRow>69</importRow></entry><entry><logDate>14/02/2012</logDate><dbTable>salesdata</dbTable><message>Entry added successfully</message><insertId>223</insertId><importRow>70</importRow></entry><entry><logDate>14/02/2012</logDate><dbTable>salesdata</dbTable><message>Entry added successfully</message><insertId>224</insertId><importRow>71</importRow></entry><entry><logDate>14/02/2012</logDate><dbTable>salesdata</dbTable><message>Entry added successfully</message><insertId>225</insertId><importRow>72</importRow></entry><entry><logDate>14/02/2012</logDate><dbTable>salesdata</dbTable><message>Entry added successfully</message><insertId>226</insertId><importRow>73</importRow></entry><entry><logDate>14/02/2012</logDate><dbTable>salesdata</dbTable><message>Entry added successfully</message><insertId>227</insertId><importRow>74</importRow></entry><entry><logDate>14/02/2012</logDate><dbTable>salesdata</dbTable><message>Entry added successfully</message><insertId>228</insertId><importRow>75</importRow></entry><entry><logDate>14/02/2012</logDate><dbTable>salesdata</dbTable><message>Entry added successfully</message><insertId>229</insertId><importRow>76</importRow></entry><entry><logDate>14/02/2012</logDate><dbTable>salesdata</dbTable><message>Entry added successfully</message><insertId>230</insertId><importRow>77</importRow></entry><entry><logDate>14/02/2012</logDate><dbTable>salesdata</dbTable><message>Entry added successfully</message><insertId>231</insertId><importRow>78</importRow></entry><entry><logDate>14/02/2012</logDate><dbTable>salesdata</dbTable><message>Entry added successfully</message><insertId>232</insertId><importRow>79</importRow></entry><entry><logDate>14/02/2012</logDate><dbTable>salesdata</dbTable><message>Entry added successfully</message><insertId>233</insertId><importRow>80</importRow></entry><entry><logDate>14/02/2012</logDate><dbTable>salesdata</dbTable><message>Entry added successfully</message><insertId>234</insertId><importRow>81</importRow></entry><entry><logDate>14/02/2012</logDate><dbTable>salesdata</dbTable><message>Entry added successfully</message><insertId>235</insertId><importRow>82</importRow></entry><entry><logDate>14/02/2012</logDate><dbTable>salesdata</dbTable><message>Entry added successfully</message><insertId>236</insertId><importRow>83</importRow></entry><entry><logDate>14/02/2012</logDate><dbTable>salesdata</dbTable><message>Entry added successfully</message><insertId>237</insertId><importRow>84</importRow></entry><entry><logDate>14/02/2012</logDate><dbTable>salesdata</dbTable><message>Entry added successfully</message><insertId>238</insertId><importRow>85</importRow></entry><entry><logDate>14/02/2012</logDate><dbTable>salesdata</dbTable><message>Entry added successfully</message><insertId>239</insertId><importRow>86</importRow></entry><entry><logDate>14/02/2012</logDate><dbTable>salesdata</dbTable><message>Entry added successfully</message><insertId>240</insertId><importRow>87</importRow></entry><entry><logDate>14/02/2012</logDate><dbTable>salesdata</dbTable><message>Entry added successfully</message><insertId>241</insertId><importRow>88</importRow></entry><entry><logDate>14/02/2012</logDate><dbTable>salesdata</dbTable><message>Entry added successfully</message><insertId>242</insertId><importRow>89</importRow></entry><entry><logDate>14/02/2012</logDate><dbTable>salesdata</dbTable><message>Entry added successfully</message><insertId>243</insertId><importRow>90</importRow></entry><entry><logDate>14/02/2012</logDate><dbTable>salesdata</dbTable><message>Entry added successfully</message><insertId>244</insertId><importRow>91</importRow></entry><entry><logDate>14/02/2012</logDate><dbTable>salesdata</dbTable><message>Entry added successfully</message><insertId>245</insertId><importRow>92</importRow></entry><entry><logDate>14/02/2012</logDate><dbTable>salesdata</dbTable><message>Entry added successfully</message><insertId>246</insertId><importRow>93</importRow></entry><entry><logDate>14/02/2012</logDate><dbTable>salesdata</dbTable><message>Entry added successfully</message><insertId>247</insertId><importRow>94</importRow></entry><entry><logDate>14/02/2012</logDate><dbTable>salesdata</dbTable><message>Entry added successfully</message><insertId>248</insertId><importRow>95</importRow></entry><entry><logDate>14/02/2012</logDate><dbTable>salesdata</dbTable><message>Entry added successfully</message><insertId>249</insertId><importRow>96</importRow></entry><entry><logDate>14/02/2012</logDate><dbTable>salesdata</dbTable><message>Entry added successfully</message><insertId>250</insertId><importRow>97</importRow></entry><entry><logDate>14/02/2012</logDate><dbTable>salesdata</dbTable><message>Entry added successfully</message><insertId>251</insertId><importRow>98</importRow></entry><entry><logDate>14/02/2012</logDate><dbTable>salesdata</dbTable><message>Entry added successfully</message><insertId>252</insertId><importRow>99</importRow></entry><entry><logDate>14/02/2012</logDate><dbTable>salesdata</dbTable><message>Entry added successfully</message><insertId>253</insertId><importRow>100</importRow></entry><entry><logDate>14/02/2012</logDate><dbTable>salesdata</dbTable><message>Entry added successfully</message><insertId>254</insertId><importRow>101</importRow></entry><entry><logDate>14/02/2012</logDate><dbTable>salesdata</dbTable><message>Entry added successfully</message><insertId>255</insertId><importRow>102</importRow></entry><entry><logDate>14/02/2012</logDate><dbTable>salesdata</dbTable><message>Entry added successfully</message><insertId>256</insertId><importRow>103</importRow></entry><entry><logDate>14/02/2012</logDate><dbTable>salesdata</dbTable><message>Entry added successfully</message><insertId>257</insertId><importRow>104</importRow></entry><entry><logDate>14/02/2012</logDate><dbTable>salesdata</dbTable><message>Entry added successfully</message><insertId>258</insertId><importRow>105</importRow></entry><entry><logDate>14/02/2012</logDate><dbTable>salesdata</dbTable><message>Entry added successfully</message><insertId>259</insertId><importRow>106</importRow></entry><entry><logDate>14/02/2012</logDate><dbTable>salesdata</dbTable><message>Entry added successfully</message><insertId>260</insertId><importRow>107</importRow></entry><entry><logDate>14/02/2012</logDate><dbTable>salesdata</dbTable><message>Entry added successfully</message><insertId>261</insertId><importRow>108</importRow></entry><entry><logDate>14/02/2012</logDate><dbTable>salesdata</dbTable><message>Entry added successfully</message><insertId>262</insertId><importRow>109</importRow></entry><entry><logDate>14/02/2012</logDate><dbTable>salesdata</dbTable><message>Entry added successfully</message><insertId>263</insertId><importRow>110</importRow></entry><entry><logDate>14/02/2012</logDate><dbTable>salesdata</dbTable><message>Entry added successfully</message><insertId>264</insertId><importRow>111</importRow></entry><entry><logDate>14/02/2012</logDate><dbTable>salesdata</dbTable><message>Entry added successfully</message><insertId>265</insertId><importRow>112</importRow></entry><entry><logDate>14/02/2012</logDate><dbTable>salesdata</dbTable><message>Entry added successfully</message><insertId>266</insertId><importRow>113</importRow></entry><entry><logDate>14/02/2012</logDate><dbTable>salesdata</dbTable><message>Entry added successfully</message><insertId>267</insertId><importRow>114</importRow></entry><entry><logDate>14/02/2012</logDate><dbTable>salesdata</dbTable><message>Entry added successfully</message><insertId>268</insertId><importRow>115</importRow></entry><entry><logDate>14/02/2012</logDate><dbTable>salesdata</dbTable><message>Entry added successfully</message><insertId>269</insertId><importRow>116</importRow></entry><entry><logDate>14/02/2012</logDate><dbTable>salesdata</dbTable><message>Entry added successfully</message><insertId>270</insertId><importRow>117</importRow></entry><entry><logDate>14/02/2012</logDate><dbTable>salesdata</dbTable><message>Entry added successfully</message><insertId>271</insertId><importRow>118</importRow></entry><entry><logDate>14/02/2012</logDate><dbTable>salesdata</dbTable><message>Entry added successfully</message><insertId>272</insertId><importRow>119</importRow></entry><entry><logDate>14/02/2012</logDate><dbTable>salesdata</dbTable><message>Entry added successfully</message><insertId>273</insertId><importRow>120</importRow></entry><entry><logDate>14/02/2012</logDate><dbTable>salesdata</dbTable><message>Entry added successfully</message><insertId>274</insertId><importRow>121</importRow></entry><entry><logDate>14/02/2012</logDate><dbTable>salesdata</dbTable><message>Entry added successfully</message><insertId>275</insertId><importRow>122</importRow></entry><entry><logDate>14/02/2012</logDate><dbTable>salesdata</dbTable><message>Entry added successfully</message><insertId>276</insertId><importRow>123</importRow></entry><entry><logDate>14/02/2012</logDate><dbTable>salesdata</dbTable><message>Entry added successfully</message><insertId>277</insertId><importRow>124</importRow></entry><entry><logDate>14/02/2012</logDate><dbTable>salesdata</dbTable><message>Entry added successfully</message><insertId>278</insertId><importRow>125</importRow></entry><entry><logDate>14/02/2012</logDate><dbTable>salesdata</dbTable><message>Entry added successfully</message><insertId>279</insertId><importRow>126</importRow></entry><entry><logDate>14/02/2012</logDate><dbTable>salesdata</dbTable><message>Entry added successfully</message><insertId>280</insertId><importRow>127</importRow></entry><entry><logDate>14/02/2012</logDate><dbTable>salesdata</dbTable><message>Entry added successfully</message><insertId>281</insertId><importRow>128</importRow></entry><entry><logDate>14/02/2012</logDate><dbTable>salesdata</dbTable><message>Entry added successfully</message><insertId>282</insertId><importRow>129</importRow></entry>','','SalesImport',1),(242,'2012-02-14 20:05:32','<entry><logDate>14/02/2012</logDate><dbTable>salesdata</dbTable><message>Entry added successfully</message><insertId>283</insertId><importRow>0</importRow></entry><entry><logDate>14/02/2012</logDate><dbTable>salesdata</dbTable><message>Entry added successfully</message><insertId>284</insertId><importRow>1</importRow></entry><entry><logDate>14/02/2012</logDate><dbTable>salesdata</dbTable><message>Entry added successfully</message><insertId>285</insertId><importRow>2</importRow></entry><entry><logDate>14/02/2012</logDate><dbTable>salesdata</dbTable><message>Entry added successfully</message><insertId>286</insertId><importRow>3</importRow></entry><entry><logDate>14/02/2012</logDate><dbTable>salesdata</dbTable><message>Entry added successfully</message><insertId>287</insertId><importRow>4</importRow></entry><entry><logDate>14/02/2012</logDate><dbTable>salesdata</dbTable><message>Entry added successfully</message><insertId>288</insertId><importRow>5</importRow></entry><entry><logDate>14/02/2012</logDate><dbTable>salesdata</dbTable><message>Entry added successfully</message><insertId>289</insertId><importRow>6</importRow></entry><entry><logDate>14/02/2012</logDate><dbTable>salesdata</dbTable><message>Entry added successfully</message><insertId>290</insertId><importRow>7</importRow></entry><entry><logDate>14/02/2012</logDate><dbTable>salesdata</dbTable><message>Entry added successfully</message><insertId>291</insertId><importRow>8</importRow></entry><entry><logDate>14/02/2012</logDate><dbTable>salesdata</dbTable><message>Entry added successfully</message><insertId>292</insertId><importRow>9</importRow></entry><entry><logDate>14/02/2012</logDate><dbTable>salesdata</dbTable><message>Entry added successfully</message><insertId>293</insertId><importRow>10</importRow></entry><entry><logDate>14/02/2012</logDate><dbTable>salesdata</dbTable><message>Entry added successfully</message><insertId>294</insertId><importRow>11</importRow></entry><entry><logDate>14/02/2012</logDate><dbTable>salesdata</dbTable><message>Entry added successfully</message><insertId>295</insertId><importRow>12</importRow></entry><entry><logDate>14/02/2012</logDate><dbTable>salesdata</dbTable><message>Entry added successfully</message><insertId>296</insertId><importRow>13</importRow></entry><entry><logDate>14/02/2012</logDate><dbTable>salesdata</dbTable><message>Entry added successfully</message><insertId>297</insertId><importRow>14</importRow></entry><entry><logDate>14/02/2012</logDate><dbTable>salesdata</dbTable><message>Entry added successfully</message><insertId>298</insertId><importRow>15</importRow></entry><entry><logDate>14/02/2012</logDate><dbTable>salesdata</dbTable><message>Entry added successfully</message><insertId>299</insertId><importRow>16</importRow></entry><entry><logDate>14/02/2012</logDate><dbTable>salesdata</dbTable><message>Entry added successfully</message><insertId>300</insertId><importRow>17</importRow></entry><entry><logDate>14/02/2012</logDate><dbTable>salesdata</dbTable><message>Entry added successfully</message><insertId>301</insertId><importRow>18</importRow></entry><entry><logDate>14/02/2012</logDate><dbTable>salesdata</dbTable><message>Entry added successfully</message><insertId>302</insertId><importRow>19</importRow></entry><entry><logDate>14/02/2012</logDate><dbTable>salesdata</dbTable><message>Entry added successfully</message><insertId>303</insertId><importRow>20</importRow></entry><entry><logDate>14/02/2012</logDate><dbTable>salesdata</dbTable><message>Entry added successfully</message><insertId>304</insertId><importRow>21</importRow></entry><entry><logDate>14/02/2012</logDate><dbTable>salesdata</dbTable><message>Entry added successfully</message><insertId>305</insertId><importRow>22</importRow></entry><entry><logDate>14/02/2012</logDate><dbTable>salesdata</dbTable><message>Entry added successfully</message><insertId>306</insertId><importRow>23</importRow></entry><entry><logDate>14/02/2012</logDate><dbTable>salesdata</dbTable><message>Entry added successfully</message><insertId>307</insertId><importRow>24</importRow></entry><entry><logDate>14/02/2012</logDate><dbTable>salesdata</dbTable><message>Entry added successfully</message><insertId>308</insertId><importRow>25</importRow></entry><entry><logDate>14/02/2012</logDate><dbTable>salesdata</dbTable><message>Entry added successfully</message><insertId>309</insertId><importRow>26</importRow></entry><entry><logDate>14/02/2012</logDate><dbTable>salesdata</dbTable><message>Entry added successfully</message><insertId>310</insertId><importRow>27</importRow></entry><entry><logDate>14/02/2012</logDate><dbTable>salesdata</dbTable><message>Entry added successfully</message><insertId>311</insertId><importRow>28</importRow></entry><entry><logDate>14/02/2012</logDate><dbTable>salesdata</dbTable><message>Entry added successfully</message><insertId>312</insertId><importRow>29</importRow></entry><entry><logDate>14/02/2012</logDate><dbTable>salesdata</dbTable><message>Entry added successfully</message><insertId>313</insertId><importRow>30</importRow></entry><entry><logDate>14/02/2012</logDate><dbTable>salesdata</dbTable><message>Entry added successfully</message><insertId>314</insertId><importRow>31</importRow></entry><entry><logDate>14/02/2012</logDate><dbTable>salesdata</dbTable><message>Entry added successfully</message><insertId>315</insertId><importRow>32</importRow></entry><entry><logDate>14/02/2012</logDate><dbTable>salesdata</dbTable><message>Entry added successfully</message><insertId>316</insertId><importRow>33</importRow></entry><entry><logDate>14/02/2012</logDate><dbTable>salesdata</dbTable><message>Entry added successfully</message><insertId>317</insertId><importRow>34</importRow></entry><entry><logDate>14/02/2012</logDate><dbTable>salesdata</dbTable><message>Entry added successfully</message><insertId>318</insertId><importRow>35</importRow></entry><entry><logDate>14/02/2012</logDate><dbTable>salesdata</dbTable><message>Entry added successfully</message><insertId>319</insertId><importRow>36</importRow></entry><entry><logDate>14/02/2012</logDate><dbTable>salesdata</dbTable><message>Entry added successfully</message><insertId>320</insertId><importRow>37</importRow></entry><entry><logDate>14/02/2012</logDate><dbTable>salesdata</dbTable><message>Entry added successfully</message><insertId>321</insertId><importRow>38</importRow></entry><entry><logDate>14/02/2012</logDate><dbTable>salesdata</dbTable><message>Entry added successfully</message><insertId>322</insertId><importRow>39</importRow></entry><entry><logDate>14/02/2012</logDate><dbTable>salesdata</dbTable><message>Entry added successfully</message><insertId>323</insertId><importRow>40</importRow></entry><entry><logDate>14/02/2012</logDate><dbTable>salesdata</dbTable><message>Entry added successfully</message><insertId>324</insertId><importRow>41</importRow></entry><entry><logDate>14/02/2012</logDate><dbTable>salesdata</dbTable><message>Entry added successfully</message><insertId>325</insertId><importRow>42</importRow></entry><entry><logDate>14/02/2012</logDate><dbTable>salesdata</dbTable><message>Entry added successfully</message><insertId>326</insertId><importRow>43</importRow></entry><entry><logDate>14/02/2012</logDate><dbTable>salesdata</dbTable><message>Entry added successfully</message><insertId>327</insertId><importRow>44</importRow></entry><entry><logDate>14/02/2012</logDate><dbTable>salesdata</dbTable><message>Entry added successfully</message><insertId>328</insertId><importRow>45</importRow></entry><entry><logDate>14/02/2012</logDate><dbTable>salesdata</dbTable><message>Entry added successfully</message><insertId>329</insertId><importRow>46</importRow></entry><entry><logDate>14/02/2012</logDate><dbTable>salesdata</dbTable><message>Entry added successfully</message><insertId>330</insertId><importRow>47</importRow></entry><entry><logDate>14/02/2012</logDate><dbTable>salesdata</dbTable><message>Entry added successfully</message><insertId>331</insertId><importRow>48</importRow></entry><entry><logDate>14/02/2012</logDate><dbTable>salesdata</dbTable><message>Entry added successfully</message><insertId>332</insertId><importRow>49</importRow></entry><entry><logDate>14/02/2012</logDate><dbTable>salesdata</dbTable><message>Entry added successfully</message><insertId>333</insertId><importRow>50</importRow></entry><entry><logDate>14/02/2012</logDate><dbTable>salesdata</dbTable><message>Entry added successfully</message><insertId>334</insertId><importRow>51</importRow></entry><entry><logDate>14/02/2012</logDate><dbTable>salesdata</dbTable><message>Entry added successfully</message><insertId>335</insertId><importRow>52</importRow></entry><entry><logDate>14/02/2012</logDate><dbTable>salesdata</dbTable><message>Entry added successfully</message><insertId>336</insertId><importRow>53</importRow></entry><entry><logDate>14/02/2012</logDate><dbTable>salesdata</dbTable><message>Entry added successfully</message><insertId>337</insertId><importRow>54</importRow></entry>','','SalesImport',1),(243,'2012-02-14 20:07:30','<entry><logDate>14/02/2012</logDate><dbTable>salesdata</dbTable><message>Entry added successfully</message><insertId>338</insertId><importRow>0</importRow></entry><entry><logDate>14/02/2012</logDate><dbTable>salesdata</dbTable><message>Entry added successfully</message><insertId>339</insertId><importRow>1</importRow></entry><entry><logDate>14/02/2012</logDate><dbTable>salesdata</dbTable><message>Entry added successfully</message><insertId>340</insertId><importRow>2</importRow></entry><entry><logDate>14/02/2012</logDate><dbTable>salesdata</dbTable><message>Entry added successfully</message><insertId>341</insertId><importRow>3</importRow></entry><entry><logDate>14/02/2012</logDate><dbTable>salesdata</dbTable><message>Entry added successfully</message><insertId>342</insertId><importRow>4</importRow></entry><entry><logDate>14/02/2012</logDate><dbTable>salesdata</dbTable><message>Entry added successfully</message><insertId>343</insertId><importRow>5</importRow></entry><entry><logDate>14/02/2012</logDate><dbTable>salesdata</dbTable><message>Entry added successfully</message><insertId>344</insertId><importRow>6</importRow></entry><entry><logDate>14/02/2012</logDate><dbTable>salesdata</dbTable><message>Entry added successfully</message><insertId>345</insertId><importRow>7</importRow></entry><entry><logDate>14/02/2012</logDate><dbTable>salesdata</dbTable><message>Entry added successfully</message><insertId>346</insertId><importRow>8</importRow></entry><entry><logDate>14/02/2012</logDate><dbTable>salesdata</dbTable><message>Entry added successfully</message><insertId>347</insertId><importRow>9</importRow></entry><entry><logDate>14/02/2012</logDate><dbTable>salesdata</dbTable><message>Entry added successfully</message><insertId>348</insertId><importRow>10</importRow></entry><entry><logDate>14/02/2012</logDate><dbTable>salesdata</dbTable><message>Entry added successfully</message><insertId>349</insertId><importRow>11</importRow></entry><entry><logDate>14/02/2012</logDate><dbTable>salesdata</dbTable><message>Entry added successfully</message><insertId>350</insertId><importRow>12</importRow></entry><entry><logDate>14/02/2012</logDate><dbTable>salesdata</dbTable><message>Entry added successfully</message><insertId>351</insertId><importRow>13</importRow></entry><entry><logDate>14/02/2012</logDate><dbTable>salesdata</dbTable><message>Entry added successfully</message><insertId>352</insertId><importRow>14</importRow></entry><entry><logDate>14/02/2012</logDate><dbTable>salesdata</dbTable><message>Entry added successfully</message><insertId>353</insertId><importRow>15</importRow></entry><entry><logDate>14/02/2012</logDate><dbTable>salesdata</dbTable><message>Entry added successfully</message><insertId>354</insertId><importRow>16</importRow></entry><entry><logDate>14/02/2012</logDate><dbTable>salesdata</dbTable><message>Entry added successfully</message><insertId>355</insertId><importRow>17</importRow></entry><entry><logDate>14/02/2012</logDate><dbTable>salesdata</dbTable><message>Entry added successfully</message><insertId>356</insertId><importRow>18</importRow></entry><entry><logDate>14/02/2012</logDate><dbTable>salesdata</dbTable><message>Entry added successfully</message><insertId>357</insertId><importRow>19</importRow></entry><entry><logDate>14/02/2012</logDate><dbTable>salesdata</dbTable><message>Entry added successfully</message><insertId>358</insertId><importRow>20</importRow></entry><entry><logDate>14/02/2012</logDate><dbTable>salesdata</dbTable><message>Entry added successfully</message><insertId>359</insertId><importRow>21</importRow></entry><entry><logDate>14/02/2012</logDate><dbTable>salesdata</dbTable><message>Entry added successfully</message><insertId>360</insertId><importRow>22</importRow></entry><entry><logDate>14/02/2012</logDate><dbTable>salesdata</dbTable><message>Entry added successfully</message><insertId>361</insertId><importRow>23</importRow></entry><entry><logDate>14/02/2012</logDate><dbTable>salesdata</dbTable><message>Entry added successfully</message><insertId>362</insertId><importRow>24</importRow></entry><entry><logDate>14/02/2012</logDate><dbTable>salesdata</dbTable><message>Entry added successfully</message><insertId>363</insertId><importRow>25</importRow></entry><entry><logDate>14/02/2012</logDate><dbTable>salesdata</dbTable><message>Entry added successfully</message><insertId>364</insertId><importRow>26</importRow></entry><entry><logDate>14/02/2012</logDate><dbTable>salesdata</dbTable><message>Entry added successfully</message><insertId>365</insertId><importRow>27</importRow></entry><entry><logDate>14/02/2012</logDate><dbTable>salesdata</dbTable><message>Entry added successfully</message><insertId>366</insertId><importRow>28</importRow></entry><entry><logDate>14/02/2012</logDate><dbTable>salesdata</dbTable><message>Entry added successfully</message><insertId>367</insertId><importRow>29</importRow></entry><entry><logDate>14/02/2012</logDate><dbTable>salesdata</dbTable><message>Entry added successfully</message><insertId>368</insertId><importRow>30</importRow></entry><entry><logDate>14/02/2012</logDate><dbTable>salesdata</dbTable><message>Entry added successfully</message><insertId>369</insertId><importRow>31</importRow></entry><entry><logDate>14/02/2012</logDate><dbTable>salesdata</dbTable><message>Entry added successfully</message><insertId>370</insertId><importRow>32</importRow></entry><entry><logDate>14/02/2012</logDate><dbTable>salesdata</dbTable><message>Entry added successfully</message><insertId>371</insertId><importRow>33</importRow></entry><entry><logDate>14/02/2012</logDate><dbTable>salesdata</dbTable><message>Entry added successfully</message><insertId>372</insertId><importRow>34</importRow></entry><entry><logDate>14/02/2012</logDate><dbTable>salesdata</dbTable><message>Entry added successfully</message><insertId>373</insertId><importRow>35</importRow></entry><entry><logDate>14/02/2012</logDate><dbTable>salesdata</dbTable><message>Entry added successfully</message><insertId>374</insertId><importRow>36</importRow></entry><entry><logDate>14/02/2012</logDate><dbTable>salesdata</dbTable><message>Entry added successfully</message><insertId>375</insertId><importRow>37</importRow></entry>','','SalesImport',1),(244,'2012-02-16 15:51:53','<entry><logDate>16/02/2012</logDate><dbTable>salesdata</dbTable><message>Error adding entry: Store does not exist in database</message><insertId>-1</insertId><importRow>0</importRow></entry><entry><logDate>16/02/2012</logDate><dbTable>salesdata</dbTable><message>Error adding entry: Store does not exist in database</message><insertId>-1</insertId><importRow>1</importRow></entry><entry><logDate>16/02/2012</logDate><dbTable>salesdata</dbTable><message>Error adding entry: Store does not exist in database</message><insertId>-1</insertId><importRow>2</importRow></entry><entry><logDate>16/02/2012</logDate><dbTable>salesdata</dbTable><message>Error adding entry: Store does not exist in database</message><insertId>-1</insertId><importRow>3</importRow></entry><entry><logDate>16/02/2012</logDate><dbTable>salesdata</dbTable><message>Error adding entry: Store does not exist in database</message><insertId>-1</insertId><importRow>4</importRow></entry><entry><logDate>16/02/2012</logDate><dbTable>salesdata</dbTable><message>Error adding entry: Store does not exist in database</message><insertId>-1</insertId><importRow>5</importRow></entry><entry><logDate>16/02/2012</logDate><dbTable>salesdata</dbTable><message>Error adding entry: One or more required fields are not completed.</message><insertId>-1</insertId><importRow>6</importRow></entry><entry><logDate>16/02/2012</logDate><dbTable>salesdata</dbTable><message>Error adding entry: One or more required fields are not completed.</message><insertId>-1</insertId><importRow>7</importRow></entry>','','SalesImport',1);
/*!40000 ALTER TABLE `importlog` ENABLE KEYS */;
UNLOCK TABLES;

--
-- Table structure for table `nationality`
--

DROP TABLE IF EXISTS `nationality`;
/*!40101 SET @saved_cs_client     = @@character_set_client */;
/*!40101 SET character_set_client = utf8 */;
CREATE TABLE `nationality` (
  `nationality` varchar(80) NOT NULL,
  PRIMARY KEY (`nationality`)
) ENGINE=InnoDB DEFAULT CHARSET=latin1;
/*!40101 SET character_set_client = @saved_cs_client */;

--
-- Dumping data for table `nationality`
--

LOCK TABLES `nationality` WRITE;
/*!40000 ALTER TABLE `nationality` DISABLE KEYS */;
INSERT INTO `nationality` VALUES ('Afghan'),('Albanian'),('Algerian'),('American'),('Andorran'),('Angolan'),('Antiguans'),('Argentinean'),('Armenian'),('Australian'),('Austrian'),('Azerbaijani'),('Bahamian'),('Bahraini'),('Bangladeshi'),('Barbadian'),('Barbudans'),('Batswana'),('Belarusian'),('Belgian'),('Belizean'),('Beninese'),('Bhutanese'),('Bolivian'),('Bosnian'),('Brazilian'),('British'),('Bruneian'),('Bulgarian'),('Burkinabe'),('Burmese'),('Burundian'),('Cambodian'),('Cameroonian'),('Canadian'),('Cape Verdean'),('Central African'),('Chadian'),('Chilean'),('Chinese'),('Colombian'),('Comoran'),('Congolese'),('Costa Rican'),('Croatian'),('Cuban'),('Cypriot'),('Czech'),('Danish'),('Djibouti'),('Dominican'),('Dutch'),('East Timorese'),('Ecuadorean'),('Egyptian'),('Emirian'),('Equatorial Guinean'),('Eritrean'),('Estonian'),('Ethiopian'),('Fijian'),('Filipino'),('Finnish'),('French'),('Gabonese'),('Gambian'),('Georgian'),('German'),('Ghanaian'),('Greek'),('Grenadian'),('Guatemalan'),('Guinea-Bissauan'),('Guinean'),('Guyanese'),('Haitian'),('Herzegovinian'),('Honduran'),('Hungarian'),('Icelander'),('Indian'),('Indonesian'),('Iranian'),('Iraqi'),('Irish'),('Israeli'),('Italian'),('Ivorian'),('Jamaican'),('Japanese'),('Jordanian'),('Kazakhstani'),('Kenyan'),('Kittian and Nevisian'),('Kuwaiti'),('Kyrgyz'),('Laotian'),('Latvian'),('Lebanese'),('Liberian'),('Libyan'),('Liechtensteiner'),('Lithuanian'),('Luxembourger'),('Macedonian'),('Malagasy'),('Malawian'),('Malaysian'),('Maldivan'),('Malian'),('Maltese'),('Marshallese'),('Mauritanian'),('Mauritian'),('Mexican'),('Micronesian'),('Moldovan'),('Monacan'),('Mongolian'),('Moroccan'),('Mosotho'),('Motswana'),('Mozambican'),('Namibian'),('Nauruan'),('Nepalese'),('Netherlander'),('New Zealander'),('Ni-Vanuatu'),('Nicaraguan'),('Nigerian'),('Nigerien'),('North Korean'),('Northern Irish'),('Norwegian'),('Omani'),('Pakistani'),('Palauan'),('Panamanian'),('Papua New Guinean'),('Paraguayan'),('Peruvian'),('Polish'),('Portuguese'),('Qatari'),('Romanian'),('Russian'),('Rwandan'),('Saint Lucian'),('Salvadoran'),('Samoan'),('San Marinese'),('Sao Tomean'),('Saudi'),('Scottish'),('Senegalese'),('Serbian'),('Seychellois'),('Sierra Leonean'),('Singaporean'),('Slovakian'),('Slovenian'),('Solomon Islander'),('Somali'),('South African'),('South Korean'),('Spanish'),('Sri Lankan'),('Sudanese'),('Surinamer'),('Swazi'),('Swedish'),('Swiss'),('Syrian'),('Taiwanese'),('Tajik'),('Tanzanian'),('Thai'),('Togolese'),('Tongan'),('Trinidadian or Tobagonian'),('Tunisian'),('Turkish'),('Tuvaluan'),('Ugandan'),('Ukrainian'),('Uruguayan'),('Uzbekistani'),('Venezuelan'),('Vietnamese'),('Welsh'),('Yemenite'),('Zambian'),('Zimbabwean');
/*!40000 ALTER TABLE `nationality` ENABLE KEYS */;
UNLOCK TABLES;

--
-- Table structure for table `product`
--

DROP TABLE IF EXISTS `product`;
/*!40101 SET @saved_cs_client     = @@character_set_client */;
/*!40101 SET character_set_client = utf8 */;
CREATE TABLE `product` (
  `productId` int(11) NOT NULL AUTO_INCREMENT,
  `artistId` int(11) NOT NULL,
  `genreId` int(11) NOT NULL,
  `name` varchar(100) NOT NULL,
  `releaseDate` date NOT NULL,
  `price` double NOT NULL,
  PRIMARY KEY (`productId`),
  KEY `genreId` (`genreId`),
  KEY `product_ibfk_1` (`artistId`),
  CONSTRAINT `product_ibfk_1` FOREIGN KEY (`artistId`) REFERENCES `artist` (`artistId`) ON DELETE CASCADE ON UPDATE CASCADE,
  CONSTRAINT `product_ibfk_2` FOREIGN KEY (`genreId`) REFERENCES `genre` (`genreId`) ON DELETE CASCADE ON UPDATE CASCADE
) ENGINE=InnoDB AUTO_INCREMENT=68 DEFAULT CHARSET=latin1;
/*!40101 SET character_set_client = @saved_cs_client */;

--
-- Dumping data for table `product`
--

LOCK TABLES `product` WRITE;
/*!40000 ALTER TABLE `product` DISABLE KEYS */;
INSERT INTO `product` VALUES (50,81,5,'Carmina Burana','1936-01-02',15.99),(51,81,5,'Der Mond','1939-02-05',14.99),(52,82,5,'Shaker Loops','1978-10-10',10.99),(53,82,6,'Doctor Atomic','2005-10-01',7.5),(54,83,6,'The Fayrfax Carol','2007-07-14',6.99),(55,84,7,'Sonata for Clarinet','1933-09-05',10.55),(56,90,7,'Air On The G String ','1904-02-09',10.99),(57,90,5,'Bourree In E Minor ','1904-02-24',6.99),(58,90,5,'Minuet In G  ','1906-04-18',5),(59,91,5,'Bugler\'s Dream ','1958-04-15',4),(60,92,5,'Moonlight Sonata','1900-01-01',6),(61,92,7,'Symphony No. 9 ','1900-01-01',8.51),(62,92,7,'Symphony No. 9: Ode To Joy  ','1900-02-01',10.99),(63,93,5,'Fanfare For The Common Man  ','1976-06-16',7.79),(64,93,6,'Rodeo ','1971-04-07',6),(65,94,5,'In These Stones Horizons Sing','2004-11-29',15),(66,94,8,'Imagined Oceans','1998-11-01',9.99),(67,94,8,'Dewi Sant','1999-04-08',14);
/*!40000 ALTER TABLE `product` ENABLE KEYS */;
UNLOCK TABLES;

--
-- Table structure for table `sales`
--

DROP TABLE IF EXISTS `sales`;
/*!40101 SET @saved_cs_client     = @@character_set_client */;
/*!40101 SET character_set_client = utf8 */;
CREATE TABLE `sales` (
  `month` varchar(20) NOT NULL DEFAULT '',
  `noSales` int(11) DEFAULT NULL,
  `otherCol` int(11) DEFAULT NULL,
  PRIMARY KEY (`month`)
) ENGINE=InnoDB DEFAULT CHARSET=latin1;
/*!40101 SET character_set_client = @saved_cs_client */;

--
-- Dumping data for table `sales`
--

LOCK TABLES `sales` WRITE;
/*!40000 ALTER TABLE `sales` DISABLE KEYS */;
INSERT INTO `sales` VALUES ('Apr',25,1),('Feb',50,2),('Jan',15,3),('March',10,4);
/*!40000 ALTER TABLE `sales` ENABLE KEYS */;
UNLOCK TABLES;

--
-- Temporary table structure for view `sales_view`
--

DROP TABLE IF EXISTS `sales_view`;
/*!50001 DROP VIEW IF EXISTS `sales_view`*/;
SET @saved_cs_client     = @@character_set_client;
SET character_set_client = utf8;
/*!50001 CREATE TABLE `sales_view` (
  `saleId` int(11),
  `date` date,
  `storeId` smallint(6),
  `cashierName` varchar(20),
  `itemId` int(11),
  `itemDiscount` int(11),
  `customerEmail` varchar(100),
  `productId` int(11),
  `artistId` int(11),
  `genreId` int(11),
  `name` varchar(100),
  `releaseDate` date,
  `price` double,
  `storeName` varchar(50),
  `city` varchar(50)
) ENGINE=MyISAM */;
SET character_set_client = @saved_cs_client;

--
-- Temporary table structure for view `sales_view_v2`
--

DROP TABLE IF EXISTS `sales_view_v2`;
/*!50001 DROP VIEW IF EXISTS `sales_view_v2`*/;
SET @saved_cs_client     = @@character_set_client;
SET character_set_client = utf8;
/*!50001 CREATE TABLE `sales_view_v2` (
  `SALE_DATE` date,
  `SALE_MONTHYEAR` varchar(7),
  `SALE_YEAR` int(4),
  `CASHIER_NAME` varchar(20),
  `STORE_ID` smallint(6),
  `ITEM_DISCOUNT` int(11),
  `CUSTOMER_EMAIL` varchar(100),
  `ARTIST_NAME` varchar(101),
  `BAND_NAME` varchar(100),
  `GENRE` varchar(50),
  `PRODUCT_NAME` varchar(100),
  `PRODUCT_RELEASE_DATE` date,
  `PRODUCT_PRICE` double,
  `STORE_NAME` varchar(50),
  `STORE_CITY` varchar(50)
) ENGINE=MyISAM */;
SET character_set_client = @saved_cs_client;

--
-- Table structure for table `salesdata`
--

DROP TABLE IF EXISTS `salesdata`;
/*!40101 SET @saved_cs_client     = @@character_set_client */;
/*!40101 SET character_set_client = utf8 */;
CREATE TABLE `salesdata` (
  `saleId` int(11) NOT NULL AUTO_INCREMENT,
  `date` date NOT NULL,
  `storeId` smallint(6) NOT NULL,
  `cashierName` varchar(20) NOT NULL,
  `itemId` int(11) NOT NULL,
  `itemDiscount` int(11) NOT NULL,
  `customerEmail` varchar(100) DEFAULT NULL,
  PRIMARY KEY (`saleId`),
  KEY `storeId` (`storeId`),
  KEY `itemId` (`itemId`),
  CONSTRAINT `salesdata_ibfk_1` FOREIGN KEY (`itemId`) REFERENCES `product` (`productId`) ON DELETE CASCADE ON UPDATE CASCADE,
  CONSTRAINT `salesdata_ibfk_2` FOREIGN KEY (`storeId`) REFERENCES `store` (`storeId`) ON DELETE CASCADE ON UPDATE CASCADE
) ENGINE=InnoDB AUTO_INCREMENT=376 DEFAULT CHARSET=latin1;
/*!40101 SET character_set_client = @saved_cs_client */;

--
-- Dumping data for table `salesdata`
--

LOCK TABLES `salesdata` WRITE;
/*!40000 ALTER TABLE `salesdata` DISABLE KEYS */;
INSERT INTO `salesdata` VALUES (7,'2011-11-29',5,'John B',51,0,'J@test.com'),(8,'2011-12-01',6,'Monica F',52,5,'Z@amazonco.co.uk'),(9,'2011-11-28',6,'Oliver L',53,20,'bill@microsoft.com'),(10,'2011-11-29',7,'Oliver L',53,0,'me102@hw.ac.uk'),(11,'2011-11-29',5,'John B',51,0,'J@test.com'),(12,'2011-12-01',6,'Monica F',52,5,'Z@amazonco.co.uk'),(13,'2011-11-28',6,'Oliver L',53,20,'bill@microsoft.com'),(14,'2011-11-29',7,'Oliver L',53,0,'me102@hw.ac.uk'),(15,'2011-11-29',5,'John B',51,0,'J@test.com'),(16,'2011-12-01',6,'Monica F',52,5,'Z@amazonco.co.uk'),(17,'2011-11-28',6,'Oliver L',53,20,'bill@microsoft.com'),(18,'2011-11-29',7,'Oliver L',53,0,'me102@hw.ac.uk'),(19,'2011-11-29',5,'John B',51,0,'J@test.com'),(20,'2011-12-01',6,'Monica F',52,5,'Z@amazonco.co.uk'),(21,'2011-11-28',6,'Oliver L',53,20,'bill@microsoft.com'),(22,'2011-11-29',7,'Oliver L',53,0,'me102@hw.ac.uk'),(23,'2012-01-01',5,'Zara Cooper',56,0,'J@test.com'),(24,'2012-01-02',5,'Zara Cooper',56,0,'Z@amazonco.co.uk'),(25,'2012-01-03',5,'Zara Cooper',53,0,'bill@microsoft.com'),(26,'2012-01-04',5,'Zara Cooper',64,0,''),(27,'2012-01-05',5,'Zara Cooper',64,0,'mf111@hw.ac.uk'),(28,'2012-01-05',5,'Zara Cooper',52,5,''),(29,'2012-01-05',5,'Zara Cooper',51,5,'mf111@hw.ac.uk'),(30,'2012-01-05',5,'Zara Cooper',55,5,''),(31,'2012-01-05',5,'Zara Cooper',63,5,'ANCustomer@test.com'),(32,'2012-01-05',5,'Zara Cooper',61,0,'ANCustomer@test.com'),(33,'2012-01-08',5,'Zara Cooper',63,0,'mf111@hw.ac.uk'),(34,'2012-01-08',5,'Zara Cooper',52,6,'James@canon.com'),(35,'2012-01-08',5,'Zara Cooper',51,6,'James@canon.com'),(36,'2012-01-01',6,'James McMillan',57,0,''),(37,'2012-01-01',6,'James McMillan',58,10,'Karl@gmail.co.uk'),(38,'2012-01-01',6,'James McMillan',67,10,'Karl@gmail.co.uk'),(39,'2012-01-01',6,'James McMillan',65,10,'Karl@gmail.co.uk'),(40,'2012-01-02',6,'James McMillan',57,10,''),(41,'2012-01-03',6,'James McMillan',53,10,'azt124@yahoo.co.uk'),(42,'2012-01-04',6,'James McMillan',67,10,''),(43,'2012-01-04',6,'James McMillan',50,10,''),(44,'2012-01-04',6,'James McMillan',58,10,'Karl@gmail.co.uk'),(45,'2012-01-07',6,'James McMillan',61,10,''),(46,'2012-01-08',6,'James McMillan',51,10,'azt124@yahoo.co.uk'),(47,'2012-01-08',6,'James McMillan',55,10,'azt124@yahoo.co.uk'),(48,'2012-01-08',6,'James McMillan',58,10,'bill@microsoft.com'),(49,'2012-01-09',6,'James McMillan',65,10,''),(50,'2012-01-09',6,'James McMillan',54,10,''),(51,'2012-01-01',7,'Thomas Coles',50,5,''),(52,'2012-01-01',7,'Thomas Coles',58,5,'frank@cfg.biz'),(53,'2012-01-01',7,'Thomas Coles',57,5,'frank@cfg.biz'),(54,'2012-01-02',7,'Thomas Coles',66,5,''),(55,'2012-01-03',7,'Thomas Coles',52,5,''),(56,'2012-01-04',7,'Thomas Coles',62,5,'bill@microsoft.com'),(57,'2012-01-04',7,'Thomas Coles',62,0,''),(58,'2012-01-08',5,'Zara Cooper',53,0,''),(59,'2012-01-08',5,'Zara Cooper',55,0,''),(60,'2012-01-09',5,'Zara Cooper',61,0,'mf111@hw.ac.uk'),(61,'2012-01-10',5,'Zara Cooper',50,0,''),(62,'2012-01-11',5,'Zara Cooper',52,0,''),(63,'2012-01-12',5,'Zara Cooper',51,20,'Z@amazonco.co.uk'),(64,'2012-01-12',5,'Zara Cooper',53,20,'Z@amazonco.co.uk'),(65,'2012-01-12',5,'Zara Cooper',50,20,'Z@amazonco.co.uk'),(66,'2012-01-13',5,'Zara Cooper',58,20,'bill@microsoft.com'),(67,'2012-01-14',5,'Zara Cooper',52,20,''),(68,'2012-01-14',5,'Zara Cooper',61,20,''),(69,'2012-01-14',5,'Zara Cooper',57,20,'bill@microsoft.com'),(70,'2012-01-14',5,'Zara Cooper',63,20,''),(71,'2012-01-14',5,'Zara Cooper',61,20,''),(72,'2012-01-14',5,'Zara Cooper',65,20,''),(73,'2012-01-20',5,'Zara Cooper',51,20,''),(74,'2012-01-21',5,'Zara Cooper',62,5,'thomas.brown@ed.ac.uk'),(75,'2012-01-22',5,'Zara Cooper',59,5,''),(76,'2012-01-23',5,'Zara Cooper',60,5,'Charlie@foxnews.com'),(77,'2012-01-24',5,'Zara Cooper',59,5,''),(78,'2012-01-24',5,'Zara Cooper',50,5,''),(79,'2012-01-25',5,'Zara Cooper',55,5,''),(80,'2012-01-26',5,'Zara Cooper',51,5,''),(81,'2012-01-27',5,'Zara Cooper',59,5,'thomas.brown@ed.ac.uk'),(82,'2012-01-27',5,'Zara Cooper',65,5,'thomas.brown@ed.ac.uk'),(83,'2012-01-27',5,'Zara Cooper',65,5,'thomas.brown@ed.ac.uk'),(84,'2012-01-30',5,'Zara Cooper',63,5,''),(85,'2012-01-31',5,'Zara Cooper',57,5,'mf111@hw.ac.uk'),(86,'2012-01-31',5,'Zara Cooper',55,5,'mf111@hw.ac.uk'),(87,'2012-01-31',5,'Zara Cooper',61,0,''),(88,'2012-01-31',5,'Zara Cooper',57,0,''),(89,'2012-01-09',6,'James McMillan',52,5,''),(90,'2012-01-10',6,'James McMillan',58,5,''),(91,'2012-01-10',6,'James McMillan',66,5,''),(92,'2012-01-10',6,'James McMillan',57,5,''),(93,'2012-01-10',6,'James McMillan',60,5,''),(94,'2012-01-10',6,'James McMillan',54,5,''),(95,'2012-01-10',6,'James McMillan',62,5,''),(96,'2012-01-16',6,'James McMillan',53,5,''),(97,'2012-01-16',6,'James McMillan',62,5,''),(98,'2012-01-16',6,'James McMillan',50,5,'azt124@yahoo.co.uk'),(99,'2012-01-19',6,'James McMillan',52,5,''),(100,'2012-01-20',6,'James McMillan',66,5,''),(101,'2012-01-21',6,'James McMillan',55,5,''),(102,'2012-01-22',6,'James McMillan',61,5,'azt124@yahoo.co.uk'),(103,'2012-01-22',6,'James McMillan',51,0,'azt124@yahoo.co.uk'),(104,'2012-01-22',6,'James McMillan',64,10,''),(105,'2012-01-22',6,'James McMillan',64,10,''),(106,'2012-01-22',6,'James McMillan',65,10,'azt124@yahoo.co.uk'),(107,'2012-01-27',6,'James McMillan',66,10,''),(108,'2012-01-28',6,'James McMillan',54,10,''),(109,'2012-01-29',6,'James McMillan',65,10,''),(110,'2012-01-30',6,'James McMillan',58,10,''),(111,'2012-01-30',6,'James McMillan',50,10,''),(112,'2012-01-30',6,'James McMillan',65,10,''),(113,'2012-01-30',6,'James McMillan',53,10,''),(114,'2012-01-30',6,'James McMillan',63,10,''),(115,'2012-01-30',6,'James McMillan',55,10,''),(116,'2012-01-30',6,'James McMillan',54,10,''),(117,'2012-01-04',7,'Thomas Coles',50,10,''),(118,'2012-01-05',7,'Thomas Coles',60,10,''),(119,'2012-01-06',7,'Thomas Coles',63,0,'frank@cfg.biz'),(120,'2012-01-06',7,'Thomas Coles',56,0,'frank@cfg.biz'),(121,'2012-01-06',7,'Thomas Coles',55,0,'frank@cfg.biz'),(122,'2012-01-09',7,'Thomas Coles',54,0,'frank@cfg.biz'),(123,'2012-01-10',7,'Thomas Coles',64,0,''),(124,'2012-01-11',7,'Thomas Coles',64,0,''),(125,'2012-01-11',7,'Thomas Coles',59,0,''),(126,'2012-01-11',7,'Thomas Coles',67,0,''),(127,'2012-01-11',7,'Thomas Coles',50,15,'Charlie@foxnews.com'),(128,'2012-01-15',7,'Thomas Coles',64,15,'Charlie@foxnews.com'),(129,'2012-01-16',7,'Thomas Coles',61,15,'Charlie@foxnews.com'),(130,'2012-01-17',7,'Thomas Coles',50,15,'Charlie@foxnews.com'),(131,'2012-01-18',7,'Thomas Coles',59,15,'Charlie@foxnews.com'),(132,'2012-01-18',7,'Thomas Coles',62,15,'Charlie@foxnews.com'),(133,'2012-01-18',7,'Thomas Coles',57,0,''),(134,'2012-01-18',7,'Thomas Coles',66,0,''),(135,'2012-01-18',7,'Thomas Coles',65,0,''),(136,'2012-01-23',7,'Thomas Coles',50,5,''),(137,'2012-01-24',7,'Thomas Coles',56,5,''),(138,'2012-01-25',7,'Thomas Coles',50,5,''),(139,'2012-01-26',7,'Thomas Coles',63,5,''),(140,'2012-01-27',7,'Thomas Coles',64,5,''),(141,'2012-01-27',7,'Thomas Coles',50,5,''),(142,'2012-01-29',7,'Thomas Coles',59,0,''),(143,'2012-01-30',7,'Thomas Coles',54,0,''),(144,'2012-01-30',7,'Thomas Coles',66,0,''),(145,'2012-01-30',7,'Thomas Coles',55,0,''),(146,'2012-01-30',7,'Thomas Coles',52,0,''),(147,'2012-01-31',7,'Thomas Coles',61,0,''),(148,'2012-01-31',7,'Thomas Coles',65,0,''),(149,'2012-01-31',7,'Thomas Coles',67,10,'frank@cfg.biz'),(150,'2012-01-31',7,'Thomas Coles',65,10,'frank@cfg.biz'),(151,'2012-01-31',7,'Thomas Coles',57,10,''),(152,'2012-01-31',7,'Thomas Coles',60,10,''),(153,'2012-02-01',5,'James McMillan',56,0,'J@test.com'),(154,'2012-02-01',5,'James McMillan',56,0,'Z@amazonco.co.uk'),(155,'2012-02-01',5,'James McMillan',53,0,'bill@microsoft.com'),(156,'2012-02-01',5,'James McMillan',64,0,''),(157,'2012-02-01',5,'James McMillan',64,0,'mf111@hw.ac.uk'),(158,'2012-02-01',5,'James McMillan',52,5,''),(159,'2012-02-01',5,'James McMillan',51,5,'mf111@hw.ac.uk'),(160,'2012-02-01',5,'James McMillan',55,5,''),(161,'2012-02-01',5,'Hamish French',63,5,'ANCustomer@test.com'),(162,'2012-02-01',5,'Hamish French',61,0,'ANCustomer@test.com'),(163,'2012-02-02',5,'Hamish French',63,0,'mf111@hw.ac.uk'),(164,'2012-02-03',5,'Hamish French',52,6,'James@canon.com'),(165,'2012-02-04',5,'Hamish French',51,6,'James@canon.com'),(166,'2012-02-05',5,'Hamish French',57,0,''),(167,'2012-02-05',5,'Hamish French',58,10,'Karl@gmail.co.uk'),(168,'2012-02-05',5,'Hamish French',67,10,'Karl@gmail.co.uk'),(169,'2012-02-05',5,'Hamish French',65,10,'Karl@gmail.co.uk'),(170,'2012-02-05',5,'James McMillan',57,10,''),(171,'2012-02-05',5,'James McMillan',53,10,'azt124@yahoo.co.uk'),(172,'2012-02-06',5,'James McMillan',67,10,''),(173,'2012-02-07',5,'James McMillan',50,10,''),(174,'2012-02-07',5,'James McMillan',58,10,'Karl@gmail.co.uk'),(175,'2012-02-07',5,'James McMillan',61,10,''),(176,'2012-02-07',5,'James McMillan',51,10,'azt124@yahoo.co.uk'),(177,'2012-02-07',5,'James McMillan',55,10,'azt124@yahoo.co.uk'),(178,'2012-02-08',5,'James McMillan',58,10,'bill@microsoft.com'),(179,'2012-02-09',5,'James McMillan',65,10,''),(180,'2012-02-10',5,'James McMillan',54,10,''),(181,'2012-02-11',7,'Thomas Coles',50,5,''),(182,'2012-02-11',7,'Thomas Coles',58,5,'frank@cfg.biz'),(183,'2012-02-11',7,'Thomas Coles',57,5,'frank@cfg.biz'),(184,'2012-02-11',7,'Thomas Coles',66,5,''),(185,'2012-02-11',7,'Thomas Coles',52,5,''),(186,'2012-02-11',7,'Thomas Coles',62,5,'bill@microsoft.com'),(187,'2012-02-11',7,'Thomas Coles',62,0,''),(188,'2012-02-11',5,'James McMillan',53,0,''),(189,'2012-02-11',5,'James McMillan',55,0,''),(190,'2012-02-11',5,'James McMillan',61,0,'mf111@hw.ac.uk'),(191,'2012-02-11',5,'James McMillan',50,0,''),(192,'2012-02-11',5,'Hamish French',52,0,''),(193,'2012-02-11',5,'Hamish French',51,20,'Z@amazonco.co.uk'),(194,'2012-02-11',5,'Hamish French',53,20,'Z@amazonco.co.uk'),(195,'2012-02-11',5,'Hamish French',50,20,'Z@amazonco.co.uk'),(196,'2012-02-11',5,'Hamish French',58,20,'bill@microsoft.com'),(197,'2012-02-11',5,'Hamish French',52,20,''),(198,'2012-02-12',5,'Hamish French',61,20,''),(199,'2012-02-13',5,'Hamish French',57,20,'bill@microsoft.com'),(200,'2012-02-14',5,'Hamish French',63,20,''),(201,'2012-02-15',5,'James McMillan',61,20,''),(202,'2012-02-16',5,'James McMillan',65,20,''),(203,'2012-02-17',5,'James McMillan',51,20,''),(204,'2012-02-18',5,'James McMillan',62,5,'thomas.brown@ed.ac.uk'),(205,'2012-02-19',5,'James McMillan',59,5,''),(206,'2012-02-19',5,'James McMillan',60,5,'Charlie@foxnews.com'),(207,'2012-02-19',5,'James McMillan',59,5,''),(208,'2012-02-19',5,'James McMillan',50,5,''),(209,'2012-02-19',5,'James McMillan',55,5,''),(210,'2012-02-19',5,'Hamish French',51,5,''),(211,'2012-02-19',5,'Hamish French',59,5,'thomas.brown@ed.ac.uk'),(212,'2012-02-19',5,'Hamish French',65,5,'thomas.brown@ed.ac.uk'),(213,'2012-02-19',5,'Hamish French',65,5,'thomas.brown@ed.ac.uk'),(214,'2012-02-19',5,'Hamish French',63,5,''),(215,'2012-02-19',5,'Hamish French',57,5,'mf111@hw.ac.uk'),(216,'2012-02-19',5,'Hamish French',55,5,'mf111@hw.ac.uk'),(217,'2012-02-19',5,'Hamish French',61,0,''),(218,'2012-02-20',5,'Hamish French',57,0,''),(219,'2012-02-21',5,'James McMillan',52,5,''),(220,'2012-02-22',5,'James McMillan',58,5,''),(221,'2012-02-23',5,'James McMillan',66,5,''),(222,'2012-02-24',5,'James McMillan',57,5,''),(223,'2012-02-25',5,'James McMillan',60,5,''),(224,'2012-02-26',5,'James McMillan',54,5,''),(225,'2012-02-27',5,'James McMillan',62,5,''),(226,'2012-02-28',5,'James McMillan',53,5,''),(227,'2012-02-29',5,'James McMillan',62,5,''),(228,'2012-03-01',5,'James McMillan',50,5,'azt124@yahoo.co.uk'),(229,'2012-03-02',5,'James McMillan',52,5,''),(230,'2012-03-03',5,'James McMillan',66,5,''),(231,'2012-03-04',5,'James McMillan',55,5,''),(232,'2012-03-05',5,'James McMillan',61,5,'azt124@yahoo.co.uk'),(233,'2012-03-06',5,'James McMillan',51,0,'azt124@yahoo.co.uk'),(234,'2012-03-07',5,'Hamish French',64,10,''),(235,'2012-02-01',5,'Hamish French',64,10,''),(236,'2012-02-02',5,'Hamish French',65,10,'azt124@yahoo.co.uk'),(237,'2012-02-03',5,'Hamish French',66,10,''),(238,'2012-02-04',5,'Hamish French',54,10,''),(239,'2012-02-05',5,'Hamish French',65,10,''),(240,'2012-02-06',5,'Hamish French',58,10,''),(241,'2012-02-07',5,'Hamish French',50,10,''),(242,'2012-02-08',5,'Hamish French',65,10,''),(243,'2012-02-09',5,'James McMillan',53,10,''),(244,'2012-02-09',5,'James McMillan',63,10,''),(245,'2012-02-09',5,'James McMillan',55,10,''),(246,'2012-02-09',5,'James McMillan',54,10,''),(247,'2012-02-09',7,'Thomas Coles',50,10,''),(248,'2012-02-10',7,'Thomas Coles',60,10,''),(249,'2012-02-11',7,'Thomas Coles',63,0,'frank@cfg.biz'),(250,'2012-02-12',7,'Thomas Coles',56,0,'frank@cfg.biz'),(251,'2012-02-13',7,'Thomas Coles',55,0,'frank@cfg.biz'),(252,'2012-02-14',7,'Thomas Coles',54,0,'frank@cfg.biz'),(253,'2012-02-15',7,'Thomas Coles',64,0,''),(254,'2012-02-16',7,'Thomas Coles',64,0,''),(255,'2012-02-17',7,'James Barr',59,0,''),(256,'2012-02-18',7,'James Barr',67,0,''),(257,'2012-02-19',7,'James Barr',50,15,'Charlie@foxnews.com'),(258,'2012-02-20',7,'James Barr',64,15,'Charlie@foxnews.com'),(259,'2012-02-21',7,'James Barr',61,15,'Charlie@foxnews.com'),(260,'2012-02-21',7,'Thomas Coles',50,15,'Charlie@foxnews.com'),(261,'2012-02-21',7,'Thomas Coles',59,15,'Charlie@foxnews.com'),(262,'2012-02-21',7,'Thomas Coles',62,15,'Charlie@foxnews.com'),(263,'2012-02-21',7,'James Barr',57,0,''),(264,'2012-02-21',7,'James Barr',66,0,''),(265,'2012-02-21',7,'James Barr',65,0,''),(266,'2012-02-21',7,'James Barr',50,5,''),(267,'2012-02-21',7,'James Barr',56,5,''),(268,'2012-02-22',7,'James Barr',50,5,''),(269,'2012-02-23',7,'James Barr',63,5,''),(270,'2012-02-24',7,'James Barr',64,5,''),(271,'2012-02-25',7,'James Barr',50,5,''),(272,'2012-02-26',7,'James Barr',59,0,''),(273,'2012-02-27',7,'James Barr',54,0,''),(274,'2012-02-28',7,'James Barr',66,0,''),(275,'2012-02-29',7,'James Barr',55,0,''),(276,'2012-03-01',7,'Thomas Coles',52,0,''),(277,'2012-03-02',7,'Thomas Coles',61,0,''),(278,'2012-03-03',7,'Thomas Coles',65,0,''),(279,'2012-03-04',7,'Thomas Coles',67,10,'frank@cfg.biz'),(280,'2012-03-05',7,'Thomas Coles',65,10,'frank@cfg.biz'),(281,'2012-03-06',7,'Thomas Coles',57,10,''),(282,'2012-03-07',7,'Thomas Coles',60,10,''),(283,'2012-02-01',7,'Johnny Lee',63,0,'mf111@hw.ac.uk'),(284,'2012-02-02',7,'Johnny Lee',52,6,'James@canon.com'),(285,'2012-02-03',7,'Johnny Lee',51,6,'James@canon.com'),(286,'2012-02-03',7,'Johnny Lee',57,0,''),(287,'2012-02-03',7,'Johnny Lee',58,10,'Karl@gmail.co.uk'),(288,'2012-02-03',7,'Johnny Lee',67,10,'Karl@gmail.co.uk'),(289,'2012-02-03',7,'Johnny Lee',65,10,'Karl@gmail.co.uk'),(290,'2012-02-04',7,'Johnny Lee',57,10,''),(291,'2012-02-05',7,'Johnny Lee',53,10,'azt124@yahoo.co.uk'),(292,'2012-02-06',7,'Johnny Lee',67,10,''),(293,'2012-02-07',7,'Johnny Lee',50,10,''),(294,'2012-02-07',7,'Johnny Lee',58,10,'Karl@gmail.co.uk'),(295,'2012-02-07',7,'Johnny Lee',61,10,''),(296,'2012-02-07',7,'Johnny Lee',51,10,'azt124@yahoo.co.uk'),(297,'2012-02-07',7,'Johnny Lee',55,10,'azt124@yahoo.co.uk'),(298,'2012-02-08',7,'Johnny Lee',58,10,'bill@microsoft.com'),(299,'2012-02-09',7,'Thomas Coles',65,10,''),(300,'2012-02-10',7,'Thomas Coles',54,10,''),(301,'2012-02-11',7,'Thomas Coles',50,5,''),(302,'2012-02-12',7,'Thomas Coles',58,5,'frank@cfg.biz'),(303,'2012-02-13',7,'Thomas Coles',57,5,'frank@cfg.biz'),(304,'2012-02-13',7,'Thomas Coles',66,5,''),(305,'2012-02-13',7,'Thomas Coles',52,5,''),(306,'2012-02-13',7,'Thomas Coles',62,5,'bill@microsoft.com'),(307,'2012-02-13',7,'Thomas Coles',62,0,''),(308,'2012-02-14',7,'Thomas Coles',53,0,''),(309,'2012-02-15',7,'Thomas Coles',55,0,''),(310,'2012-02-16',7,'Thomas Coles',61,0,'mf111@hw.ac.uk'),(311,'2012-02-17',7,'Thomas Coles',50,0,''),(312,'2012-02-18',7,'Thomas Coles',52,0,''),(313,'2012-02-19',7,'Thomas Coles',51,20,'Z@amazonco.co.uk'),(314,'2012-02-19',7,'Johnny Lee',53,20,'Z@amazonco.co.uk'),(315,'2012-02-19',7,'Johnny Lee',50,20,'Z@amazonco.co.uk'),(316,'2012-02-19',7,'Johnny Lee',58,20,'bill@microsoft.com'),(317,'2012-02-19',7,'Johnny Lee',52,20,''),(318,'2012-02-20',7,'Johnny Lee',61,20,''),(319,'2012-02-21',7,'Johnny Lee',57,20,'bill@microsoft.com'),(320,'2012-02-22',7,'Johnny Lee',63,20,''),(321,'2012-02-23',7,'Johnny Lee',61,20,''),(322,'2012-02-24',7,'Johnny Lee',65,20,''),(323,'2012-02-24',7,'Johnny Lee',51,20,''),(324,'2012-02-24',7,'Johnny Lee',62,5,'thomas.brown@ed.ac.uk'),(325,'2012-02-24',7,'Johnny Lee',59,5,''),(326,'2012-02-24',7,'Johnny Lee',60,5,'Charlie@foxnews.com'),(327,'2012-02-24',7,'Johnny Lee',59,5,''),(328,'2012-02-25',7,'Johnny Lee',50,5,''),(329,'2012-02-26',7,'Johnny Lee',55,5,''),(330,'2012-02-27',7,'Johnny Lee',51,5,''),(331,'2012-02-28',7,'Johnny Lee',59,5,'thomas.brown@ed.ac.uk'),(332,'2012-02-28',7,'Johnny Lee',65,5,'thomas.brown@ed.ac.uk'),(333,'2012-02-28',7,'Johnny Lee',65,5,'thomas.brown@ed.ac.uk'),(334,'2012-02-28',7,'Johnny Lee',63,5,''),(335,'2012-02-29',7,'Johnny Lee',57,5,'mf111@hw.ac.uk'),(336,'2012-03-01',7,'Johnny Lee',55,5,'mf111@hw.ac.uk'),(337,'2012-02-28',7,'Johnny Lee',61,0,''),(338,'2012-02-01',6,'James McMillan',63,0,'mf111@hw.ac.uk'),(339,'2012-02-02',6,'James McMillan',52,6,'James@canon.com'),(340,'2012-02-03',6,'James McMillan',51,6,'James@canon.com'),(341,'2012-02-03',6,'James McMillan',57,0,''),(342,'2012-02-03',6,'James McMillan',58,10,'Karl@gmail.co.uk'),(343,'2012-02-03',6,'James McMillan',67,10,'Karl@gmail.co.uk'),(344,'2012-02-03',6,'James McMillan',65,10,'Karl@gmail.co.uk'),(345,'2012-02-04',6,'James McMillan',57,10,''),(346,'2012-02-05',6,'James McMillan',53,10,'azt124@yahoo.co.uk'),(347,'2012-02-06',6,'James McMillan',67,10,''),(348,'2012-02-07',6,'James McMillan',50,10,''),(349,'2012-02-07',6,'James McMillan',58,10,'Karl@gmail.co.uk'),(350,'2012-02-07',6,'James McMillan',61,10,''),(351,'2012-02-07',6,'James McMillan',51,10,'azt124@yahoo.co.uk'),(352,'2012-02-07',6,'James McMillan',55,10,'azt124@yahoo.co.uk'),(353,'2012-02-08',6,'James McMillan',58,10,'bill@microsoft.com'),(354,'2012-02-09',6,'James McMillan',65,10,''),(355,'2012-02-19',6,'James McMillan',52,20,''),(356,'2012-02-20',6,'James McMillan',61,20,''),(357,'2012-02-21',6,'James McMillan',57,20,'bill@microsoft.com'),(358,'2012-02-22',6,'James McMillan',63,20,''),(359,'2012-02-23',6,'James McMillan',61,20,''),(360,'2012-02-24',6,'James McMillan',65,20,''),(361,'2012-02-24',6,'James McMillan',51,20,''),(362,'2012-02-24',6,'James McMillan',62,5,'thomas.brown@ed.ac.uk'),(363,'2012-02-24',6,'James McMillan',59,5,''),(364,'2012-02-24',6,'James McMillan',60,5,'Charlie@foxnews.com'),(365,'2012-02-24',6,'James McMillan',59,5,''),(366,'2012-02-25',6,'James McMillan',50,5,''),(367,'2012-02-26',6,'James McMillan',55,5,''),(368,'2012-02-27',6,'James McMillan',51,5,''),(369,'2012-02-28',6,'James McMillan',59,5,'thomas.brown@ed.ac.uk'),(370,'2012-02-28',6,'James McMillan',65,5,'thomas.brown@ed.ac.uk'),(371,'2012-02-28',6,'James McMillan',65,5,'thomas.brown@ed.ac.uk'),(372,'2012-02-28',6,'James McMillan',63,5,''),(373,'2012-02-29',6,'James McMillan',57,5,'mf111@hw.ac.uk'),(374,'2012-03-01',6,'James McMillan',55,5,'mf111@hw.ac.uk'),(375,'2012-02-28',6,'James McMillan',61,0,'');
/*!40000 ALTER TABLE `salesdata` ENABLE KEYS */;
UNLOCK TABLES;

--
-- Temporary table structure for view `salesview`
--

DROP TABLE IF EXISTS `salesview`;
/*!50001 DROP VIEW IF EXISTS `salesview`*/;
SET @saved_cs_client     = @@character_set_client;
SET character_set_client = utf8;
/*!50001 CREATE TABLE `salesview` (
  `saleId` int(11),
  `date` date,
  `storeId` smallint(6),
  `cashierName` varchar(20),
  `itemId` int(11),
  `itemDiscount` int(11),
  `customerEmail` varchar(100),
  `storeName` varchar(50)
) ENGINE=MyISAM */;
SET character_set_client = @saved_cs_client;

--
-- Table structure for table `store`
--

DROP TABLE IF EXISTS `store`;
/*!40101 SET @saved_cs_client     = @@character_set_client */;
/*!40101 SET character_set_client = utf8 */;
CREATE TABLE `store` (
  `storeId` smallint(6) NOT NULL AUTO_INCREMENT,
  `storeName` varchar(50) NOT NULL,
  `address` varchar(100) NOT NULL,
  `city` varchar(50) NOT NULL,
  PRIMARY KEY (`storeId`)
) ENGINE=InnoDB AUTO_INCREMENT=8 DEFAULT CHARSET=latin1;
/*!40101 SET character_set_client = @saved_cs_client */;

--
-- Dumping data for table `store`
--

LOCK TABLES `store` WRITE;
/*!40000 ALTER TABLE `store` DISABLE KEYS */;
INSERT INTO `store` VALUES (5,'Edinburgh Store','1 George Street','Edinburgh'),(6,'Glasgow Store','Glasgow Store','Glasgow'),(7,'London Store','1 Park Lane','London');
/*!40000 ALTER TABLE `store` ENABLE KEYS */;
UNLOCK TABLES;

--
-- Table structure for table `user`
--

DROP TABLE IF EXISTS `user`;
/*!40101 SET @saved_cs_client     = @@character_set_client */;
/*!40101 SET character_set_client = utf8 */;
CREATE TABLE `user` (
  `userId` int(11) NOT NULL AUTO_INCREMENT,
  `forename` varchar(50) NOT NULL,
  `surname` varchar(50) NOT NULL,
  `password` varchar(50) NOT NULL,
  `active` bit(1) NOT NULL,
  `username` varchar(50) NOT NULL,
  PRIMARY KEY (`userId`)
) ENGINE=InnoDB AUTO_INCREMENT=46 DEFAULT CHARSET=latin1;
/*!40101 SET character_set_client = @saved_cs_client */;

--
-- Dumping data for table `user`
--

LOCK TABLES `user` WRITE;
/*!40000 ALTER TABLE `user` DISABLE KEYS */;
INSERT INTO `user` VALUES (1,'Marc','C','098f6bcd4621d373cade4e832627b4f6','','Marc'),(41,'James','Barr','c9f0d58cd368cb3ad6f851e39a475bf9','','James'),(42,'Test','User','098f6bcd4621d373cade4e832627b4f6','','test'),(45,'David','Turner','bed128365216c019988915ed3add75fb','','David');
/*!40000 ALTER TABLE `user` ENABLE KEYS */;
UNLOCK TABLES;

--
-- Table structure for table `usergroup`
--

DROP TABLE IF EXISTS `usergroup`;
/*!40101 SET @saved_cs_client     = @@character_set_client */;
/*!40101 SET character_set_client = utf8 */;
CREATE TABLE `usergroup` (
  `groupId` int(11) NOT NULL AUTO_INCREMENT,
  `name` varchar(50) NOT NULL,
  `description` text NOT NULL,
  `storeId` smallint(6) DEFAULT NULL,
  PRIMARY KEY (`groupId`),
  KEY `storeId` (`storeId`),
  CONSTRAINT `usergroup_ibfk_1` FOREIGN KEY (`storeId`) REFERENCES `store` (`storeId`) ON DELETE SET NULL ON UPDATE NO ACTION
) ENGINE=InnoDB AUTO_INCREMENT=42 DEFAULT CHARSET=latin1;
/*!40101 SET character_set_client = @saved_cs_client */;

--
-- Dumping data for table `usergroup`
--

LOCK TABLES `usergroup` WRITE;
/*!40000 ALTER TABLE `usergroup` DISABLE KEYS */;
INSERT INTO `usergroup` VALUES (25,'Edinburgh Store','Edinburgh Store permissions user group.',5),(26,'London Park Lane','London Park Lane permissions user group.',7),(40,'Custom User Group','Custom User Group for custom permissions.',NULL),(41,'Test','Test permissions user group.',NULL);
/*!40000 ALTER TABLE `usergroup` ENABLE KEYS */;
UNLOCK TABLES;

--
-- Current Database: `sales`
--


